DUR,CENS,AGE,ED,WHITE,LOCRAT
469,0,26,13,1,3
36,1,23,12,1,3
301,0,23,12,1,4
105,0,27,12,0,6
819,1,21,12,1,3
77,0,18,10,1,3
154,0,21,12,0,2
42,0,23,12,0,3
98,0,21,13,0,5
161,0,23,13,0,3
299,1,23,11,0,4
126,0,26,14,1,4
91,0,31,16,1,1
759,1,23,14,1,3
224,0,17,10,0,3
203,0,22,13,1,6
98,0,27,13,0,2
373,1,23,12,0,2
287,0,20,12,1,3
21,0,21,10,1,2
168,0,33,12,0,6
140,0,21,12,0,4
252,0,23,13,1,5
158,1,21,11,0,6
215,1,22,12,0,4
35,0,19,12,0,6
967,1,20,12,1,3
1174,1,19,9,0,5
231,0,20,12,1,4
659,1,21,12,1,4
98,0,21,11,0,6
105,0,22,13,1,2
28,0,19,12,1,3
140,0,24,12,0,4
14,0,20,12,1,4
70,0,21,12,1,3
344,1,22,12,1,4
35,0,19,10,0,3
56,0,18,10,0,2
203,0,20,12,0,4
8,1,29,12,0,2
126,1,23,11,0,4
112,0,22,11,0,3
308,1,31,17,0,2
91,0,21,12,1,3
63,0,19,9,0,3
28,0,21,12,1,4
77,0,19,7,1,4
175,0,20,11,0,2
35,1,27,15,0,3
871,1,21,13,1,3
84,0,20,10,1,4
126,0,19,12,0,3
273,0,22,12,0,3
98,0,18,8,1,2
985,1,24,16,1,2
91,0,26,12,0,2
42,0,24,12,0,4
987,0,19,12,1,4
42,0,20,12,0,3
105,0,20,12,0,2
737,1,24,15,0,3
378,0,26,11,0,5
301,0,18,10,1,2
147,0,20,12,1,3
56,0,20,12,1,2
883,1,24,15,0,4
935,1,24,15,0,3
567,0,24,14,1,2
112,0,20,12,0,5
105,0,20,11,1,3
140,0,22,11,0,6
98,0,19,12,1,3
21,0,22,14,0,2
574,0,22,12,1,3
664,1,21,12,0,5
420,0,21,12,1,4
112,0,19,8,1,2
63,0,26,12,0,4
56,0,18,10,1,3
732,1,19,9,0,3
735,1,22,10,1,4
1388,1,23,13,1,2
315,0,21,12,1,3
175,0,28,12,1,3
896,0,22,13,1,3
98,0,20,12,0,4
154,0,22,13,1,2
294,0,23,16,1,3
511,0,23,16,0,3
21,0,23,12,0,2
434,0,19,11,0,3
546,1,22,10,1,4
616,0,20,12,1,6
789,1,20,12,0,3
49,0,21,12,1,5
56,0,18,11,1,3
105,0,23,14,0,2
28,0,20,11,1,5
518,0,23,16,1,6
343,0,30,9,0,2
161,0,19,10,1,3
105,0,21,12,0,2
910,0,17,10,1,3
154,0,21,11,0,5
77,1,23,13,0,4
7,1,27,14,1,5
490,0,19,12,0,2
14,0,21,12,1,2
84,0,20,12,0,4
163,1,22,12,0,3
35,0,21,15,0,4
21,0,20,12,0,5
161,0,18,12,0,4
595,0,23,13,1,4
1192,1,24,11,0,4
269,1,21,12,1,4
764,1,26,16,1,2
689,1,24,12,1,5
343,0,22,13,1,5
119,0,18,8,0,3
1349,1,25,17,0,3
1091,1,25,17,1,2
84,0,19,10,1,2
1162,0,22,14,0,6
39,1,24,12,0,2
324,1,21,12,1,3
980,0,20,13,0,2
231,0,19,12,1,4
126,0,20,12,0,3
176,1,27,12,1,3
63,0,23,16,1,3
28,0,28,12,0,2
168,0,18,9,0,4
448,0,20,11,0,2
105,0,21,12,1,6
63,0,23,12,0,3
49,0,20,8,1,6
5,1,23,12,0,4
721,0,20,12,0,6
1008,1,25,13,1,5
42,0,22,12,0,4
238,0,31,11,0,1
98,0,20,11,0,4
28,0,31,14,0,2
148,1,26,14,1,5
70,0,18,10,1,4
238,0,30,12,0,3
17,1,22,12,0,5
245,0,24,14,1,4
635,1,27,12,0,1
203,0,18,11,1,3
411,1,28,12,0,2
112,0,29,18,1,2
56,0,19,10,0,4
1037,1,25,15,1,2
107,1,22,12,1,3
217,0,19,11,0,3
63,0,17,8,0,2
3,1,31,16,0,3
126,0,22,16,0,2
35,0,18,8,1,3
98,0,19,10,0,4
126,0,21,12,0,4
112,0,19,12,0,4
182,0,20,12,1,2
14,0,27,14,1,2
7,0,19,11,1,3
105,0,24,15,1,5
21,0,34,12,1,2
7,0,18,9,0,3
84,0,29,18,1,3
1239,1,21,13,0,3
15,1,22,11,0,4
21,0,29,12,0,2
112,0,22,15,0,2
70,0,23,12,0,2
91,0,22,12,0,4
35,0,25,16,0,4
430,1,24,15,1,4
1358,0,32,17,1,4
1393,0,29,18,1,2
203,0,21,14,1,3
483,0,19,12,1,3
119,0,22,9,1,3
63,0,19,12,1,2
77,0,18,12,1,4
563,1,22,12,1,4
133,0,26,12,0,4
210,0,24,14,1,3
4,1,23,12,1,5
112,0,18,12,1,2
308,1,20,12,0,3
213,1,24,12,1,3
56,0,18,11,1,3
889,1,24,16,0,4
91,0,20,10,0,4
98,0,18,9,0,3
620,1,21,12,0,3
249,1,22,10,1,3
188,1,22,13,0,3
714,0,20,12,0,5
175,0,20,13,0,2
98,0,22,10,0,3
692,1,21,12,0,2
697,1,24,13,0,2
70,0,20,12,0,3
56,0,22,10,0,6
56,0,21,12,1,4
1243,1,26,16,0,3
378,0,19,12,1,3
48,1,27,16,0,3
175,0,28,18,0,2
56,0,22,12,0,4
78,1,22,12,1,5
147,0,21,12,1,6
175,0,21,13,1,3
483,0,23,11,0,2
649,1,26,16,0,4
369,1,22,12,1,4
1373,1,23,14,1,5
49,0,21,12,0,3
98,0,20,12,1,3
28,1,26,14,1,2
871,1,26,15,0,2
735,1,21,12,0,3
63,0,21,11,0,6
9,1,24,12,0,3
565,1,19,9,0,4
280,0,23,11,0,4
717,1,23,12,0,3
70,0,18,10,1,2
938,0,22,13,0,3
133,0,24,12,1,3
280,0,25,15,0,4
28,0,25,17,1,5
28,0,28,12,0,2
197,1,22,12,1,3
336,0,20,12,0,3
637,0,24,13,0,3
35,0,25,14,0,5
1008,0,26,16,0,3
103,1,24,11,0,3
154,0,21,12,0,3
62,1,24,12,1,4
1432,1,23,16,0,2
803,1,20,12,0,6
574,0,20,12,0,6
77,0,23,9,1,6
906,1,25,16,1,2
7,0,31,14,1,3
112,0,25,16,1,4
70,0,18,11,0,3
1036,1,18,12,1,4
35,0,20,12,0,2
718,1,21,12,0,3
9,1,23,12,1,5
7,0,20,12,1,3
7,0,23,13,0,2
665,0,28,13,1,2
609,0,20,12,0,4
210,0,18,8,0,2
21,0,18,12,0,3
329,0,23,14,0,3
203,0,19,12,0,2
140,0,19,8,1,3
210,0,21,12,0,2
826,1,24,16,0,2
37,1,23,12,0,2
82,1,25,14,0,3
91,0,20,10,0,3
429,1,25,11,0,2
609,0,27,14,1,3
602,0,20,10,0,3
42,0,19,12,1,4
49,0,18,10,0,5
107,1,25,14,1,4
49,0,27,13,1,2
623,1,20,12,1,5
320,1,21,12,1,3
945,0,19,12,1,2
700,0,18,10,1,2
49,0,21,12,1,3
175,0,21,12,1,5
126,0,23,12,0,2
21,0,19,11,1,3
923,1,20,9,0,2
1173,1,18,11,0,2
210,0,18,11,0,2
1494,1,23,16,1,5
91,0,21,12,0,5
238,0,17,10,0,3
168,0,23,12,0,3
70,0,23,16,0,2
861,0,25,16,1,2
262,1,23,13,0,2
679,0,20,11,0,3
30,1,26,14,0,2
385,0,19,9,0,2
49,0,21,12,0,3
947,1,22,12,0,4
175,0,26,12,0,2
974,1,22,12,0,5
65,1,23,12,0,2
415,1,23,12,0,4
598,1,23,12,0,2
196,0,28,14,0,2
455,0,19,11,1,4
119,0,25,15,1,5
196,0,21,9,0,2
896,0,28,14,1,2
119,0,22,12,0,3
28,0,20,12,1,3
280,0,24,15,0,6
133,0,19,12,1,4
399,0,22,12,0,3
350,0,20,11,1,3
77,0,20,12,0,2
968,1,21,12,0,2
63,0,30,20,0,3
362,1,22,12,1,4
19,1,21,10,0,6
6,1,23,12,1,6
432,1,20,10,0,4
231,0,23,16,0,2
42,0,19,11,1,5
140,0,19,12,1,5
63,0,30,12,0,3
384,1,27,16,0,4
210,0,21,12,0,2
784,0,29,14,1,4
91,0,18,11,1,2
1550,1,21,14,1,3
14,0,22,9,0,5
1414,1,21,12,1,3
140,0,25,12,0,3
182,0,31,9,0,2
84,0,20,10,1,2
1404,1,23,13,0,6
77,0,21,12,0,4
70,0,21,12,0,5
49,0,30,20,1,1
105,0,19,12,0,6
63,0,22,12,0,2
317,1,27,16,0,2
217,0,22,12,1,4
616,0,28,16,1,3
119,0,26,12,0,2
45,1,23,12,1,4
475,1,21,10,0,4
84,0,22,12,0,5
14,0,21,12,0,5
42,0,18,9,1,2
168,0,19,12,1,6
63,0,21,12,1,3
427,0,20,11,0,3
91,0,24,14,1,3
364,0,17,9,1,2
58,1,29,13,1,3
79,1,25,13,0,3
427,0,19,12,1,5
954,1,19,12,1,5
126,0,25,13,0,4
56,0,19,10,0,5
28,0,17,9,1,2
70,0,21,12,1,5
42,0,22,13,0,3
1029,1,25,16,0,3
28,0,24,12,1,3
84,0,24,13,0,5
82,1,23,8,1,3
91,0,20,12,1,4
483,0,20,12,1,5
903,0,25,14,1,3
5,1,22,11,0,3
189,0,19,9,1,4
105,0,22,14,1,6
28,0,16,8,1,2
721,0,20,12,1,4
91,0,19,12,1,3
350,0,20,10,1,4
180,1,21,11,1,3
434,0,31,11,0,3
357,0,26,16,0,3
14,0,20,10,1,2
336,0,24,13,0,3
404,1,25,12,1,3
412,1,25,12,0,6
4,1,21,10,0,4
378,0,32,14,0,2
455,0,20,12,0,3
77,0,29,14,0,4
357,0,25,13,1,2
56,0,19,12,0,3
133,0,23,12,0,4
504,0,22,15,1,4
42,0,20,12,0,3
21,0,20,11,1,2
49,0,34,12,1,2
105,0,18,12,0,3
560,0,20,10,1,4
519,1,27,12,0,2
98,0,25,12,0,2
105,0,17,9,1,2
490,0,21,13,0,3
416,1,26,14,0,5
7,0,22,12,0,3
217,1,28,16,1,2
112,0,19,12,0,3
294,0,21,12,1,2
266,0,21,12,1,2
1304,1,21,12,0,3
7,1,27,16,1,2
388,1,27,17,1,1
525,0,24,13,0,4
37,1,31,14,1,2
866,1,22,12,0,3
189,0,19,12,1,3
42,0,20,10,0,3
42,0,23,13,0,3
42,0,19,8,1,3
133,0,24,11,0,2
70,0,20,8,0,2
658,1,20,9,1,4
294,0,18,11,1,3
9,1,22,12,1,3
266,0,26,16,1,2
266,0,21,12,0,4
1157,1,25,16,1,4
49,0,20,13,0,2
175,0,30,12,1,2
348,1,22,12,0,3
791,0,30,13,1,3
512,1,25,16,1,2
196,0,23,12,1,2
21,0,23,10,0,3
286,1,29,12,1,2
91,0,20,12,0,4
213,1,21,12,0,3
1169,0,24,12,1,2
427,0,26,12,1,2
1190,0,25,14,1,4
43,1,20,10,1,5
42,0,20,12,1,3
147,0,28,14,0,3
14,0,20,10,0,5
703,1,32,18,0,2
63,0,23,13,0,4
859,1,21,12,0,2
72,1,23,12,1,5
42,0,23,12,1,4
77,0,28,13,1,2
261,1,21,11,0,6
203,0,28,14,0,2
35,1,25,14,0,5
14,0,20,10,1,2
66,1,19,12,0,3
813,1,22,12,1,3
273,0,22,11,1,4
259,0,20,13,0,3
1018,1,20,13,0,4
203,0,19,12,1,3
126,0,23,12,1,5
243,1,22,12,0,4
98,0,21,8,1,4
500,1,24,15,0,2
14,0,21,10,1,2
301,0,23,12,0,3
542,1,24,13,1,2
420,0,24,12,1,2
553,0,26,15,0,3
217,0,30,12,1,3
70,0,20,9,0,3
707,0,23,16,1,3
21,0,21,12,0,4
21,0,19,12,0,3
231,0,20,12,0,3
665,0,31,12,0,2
287,0,24,15,1,4
140,0,21,10,0,5
329,0,21,12,0,4
126,0,23,12,0,2
560,0,24,14,1,2
540,1,20,12,0,3
1131,1,21,14,1,3
159,1,23,12,0,4
588,1,22,12,1,6
77,0,18,11,0,6
322,0,19,11,1,3
28,0,25,9,1,3
77,0,21,12,1,3
558,1,27,12,0,2
971,1,24,16,0,4
868,1,21,12,0,4
124,1,23,12,0,4
42,0,22,12,0,5
1424,1,26,14,0,4
49,0,32,12,0,2
63,0,22,12,0,5
546,0,21,12,0,2
231,1,27,16,1,4
140,0,19,12,1,5
364,0,21,12,1,2
511,0,22,13,0,2
343,0,24,16,0,3
387,1,26,15,0,2
185,1,22,12,0,2
7,0,22,12,1,3
420,0,19,12,0,2
98,0,26,14,0,2
1073,1,26,19,1,1
70,0,20,11,1,4
265,1,22,12,1,5
63,0,28,12,1,2
119,0,19,12,0,3
560,0,22,12,0,3
322,0,22,12,0,2
21,0,25,13,0,3
80,1,23,12,1,3
168,0,25,16,1,2
60,1,24,11,0,4
42,0,20,11,0,1
91,0,23,12,0,3
82,1,22,12,1,3
84,0,27,12,0,2
28,0,23,13,1,3
147,0,20,11,1,2
1185,1,32,11,1,2
224,0,19,11,0,3
1017,1,20,12,0,2
210,0,22,12,0,4
574,0,28,13,0,2
128,1,26,14,0,3
168,0,22,12,0,3
49,0,21,13,0,4
119,0,20,11,1,2
434,0,17,9,0,2
644,0,28,12,1,2
322,0,21,11,0,6
336,0,27,12,1,5
14,0,22,12,1,4
14,0,21,12,1,3
585,1,27,16,1,2
371,0,23,14,0,3
119,0,19,11,0,3
56,0,19,10,0,2
1253,0,27,17,1,3
49,0,21,12,1,5
686,0,25,13,0,3
35,0,20,11,0,6
28,0,22,12,1,4
372,1,23,12,1,6
14,0,18,9,1,2
91,0,21,12,0,4
693,1,25,12,0,3
42,0,20,10,0,4
56,0,23,11,0,4
126,0,22,12,1,4
196,0,17,12,0,2
1044,1,23,16,1,2
98,0,19,10,0,4
1209,1,25,9,0,4
56,0,25,16,1,2
238,0,25,17,1,2
876,1,20,12,0,2
21,0,30,18,0,2
182,0,25,14,0,2
462,0,20,10,1,6
70,0,22,12,1,4
140,0,22,12,1,5
602,0,24,12,1,5
133,0,19,12,0,3
996,1,29,16,1,2
1408,1,27,12,1,2
98,0,29,12,1,4
49,0,29,17,1,2
811,1,26,14,0,3
21,0,26,13,0,3
119,0,25,12,0,3
533,1,25,14,0,3
1057,0,19,11,0,3
175,0,28,15,1,4
84,0,19,8,0,4
42,0,20,12,0,5
168,0,20,12,1,4
63,0,19,7,1,4
56,0,21,12,1,5
175,0,19,12,1,3
168,0,21,13,0,3
315,0,19,12,1,6
191,1,29,16,1,3
765,1,25,16,1,6
42,0,22,10,0,3
497,0,20,12,0,2
481,1,23,11,0,3
259,0,24,15,0,3
392,0,24,12,0,2
14,0,18,11,0,2
112,0,23,11,0,4
245,0,23,14,0,5
140,0,21,9,1,6
419,1,23,12,0,4
266,0,22,10,1,4
4,1,24,11,0,6
119,0,28,12,0,3
105,1,23,11,1,5
511,0,19,12,1,3
987,0,23,16,1,5
35,0,22,12,1,3
1078,0,19,12,0,3
816,1,21,12,0,3
217,0,21,13,1,3
203,0,29,16,1,1
133,0,20,12,0,3
399,0,20,12,1,2
514,1,26,16,1,3
105,0,22,12,0,4
273,0,18,8,1,3
294,0,20,12,1,3
210,0,21,13,1,2
970,1,24,16,0,3
210,0,27,13,0,3
343,0,25,18,1,2
152,1,26,16,1,3
734,1,20,12,0,4
42,0,20,12,0,3
28,0,19,12,1,4
49,0,19,9,0,4
337,1,26,12,0,4
63,0,32,12,0,2
1393,0,19,12,1,2
28,0,22,12,0,3
63,0,19,11,0,4
1330,1,24,18,1,2
245,0,27,13,1,3
175,0,21,12,0,2
357,0,23,14,0,2
63,0,31,14,0,4
267,1,23,12,1,3
539,0,25,18,1,2
210,0,20,12,0,3
42,0,18,9,0,5
140,0,17,9,0,2
91,0,18,12,0,3
212,1,24,12,0,3
350,0,26,12,0,3
49,0,25,14,0,5
112,0,18,10,1,3
313,1,22,12,1,4
35,0,19,12,1,5
231,1,29,10,1,2
379,1,21,12,1,4
823,1,24,15,0,2
161,0,22,12,0,6
1080,1,28,16,1,2
388,1,26,12,0,4
333,1,27,12,0,2
7,1,21,12,1,3
35,1,22,11,1,3
28,0,17,10,1,2
161,0,21,12,1,5
1191,1,20,12,1,4
175,0,23,12,0,4
7,0,25,15,0,2
105,0,22,12,0,4
441,0,22,12,0,3
91,0,26,12,1,3
903,0,19,12,0,3
56,0,20,11,1,3
327,1,21,11,0,4
382,1,23,12,1,3
823,1,27,18,1,2
168,0,20,12,0,2
77,0,20,12,1,3
845,1,20,12,0,5
10,1,21,12,0,5
266,0,24,14,1,2
70,0,23,12,0,4
336,0,20,9,1,3
70,0,19,9,1,4
21,0,19,12,1,2
1115,1,22,12,0,3
63,0,21,12,0,5
140,0,24,15,0,4
7,0,25,12,0,3
84,0,20,12,0,3
63,0,21,11,0,4
261,1,21,12,0,3
70,0,26,10,0,3
70,0,24,15,0,4
154,0,22,12,1,4
98,0,19,8,0,4
238,0,28,8,1,2
42,0,24,13,0,3
91,0,22,12,0,4
476,0,22,12,0,3
168,0,22,14,1,3
7,0,20,12,1,3
154,0,28,13,1,3
553,0,20,12,1,3
56,0,18,10,1,3
133,0,25,16,0,4
546,0,20,12,0,5
154,0,22,12,0,3
7,0,22,12,1,5
388,1,20,9,1,3
133,0,31,12,0,2
938,0,21,12,1,3
392,1,31,13,1,3
48,1,24,13,0,5
28,0,20,8,0,3
70,0,27,16,0,3
1372,1,23,16,1,4
316,1,22,11,1,3
238,0,20,12,1,3
21,0,19,12,0,5
42,0,25,16,1,1
14,0,18,10,0,3
476,0,21,12,1,5
7,1,26,11,0,5
126,0,28,12,0,2
35,0,20,10,1,4
105,0,20,8,0,2
280,0,29,12,1,2
1225,0,26,12,0,3
294,0,24,14,1,5
371,0,28,12,0,3
875,0,28,12,1,4
126,0,20,9,0,3
1179,1,23,16,1,2
322,1,27,15,0,3
462,0,20,12,0,2
973,0,20,11,1,5
315,0,20,11,0,4
56,0,18,10,1,4
42,0,23,12,1,2
427,0,19,12,0,3
900,1,24,14,0,3
28,0,21,12,1,4
21,0,27,12,1,4
371,0,20,11,1,2
357,0,21,10,0,3
62,1,26,16,0,1
49,0,20,12,0,3
895,1,26,12,0,4
891,1,21,12,0,3
1352,1,19,10,1,6
14,0,20,12,1,3
119,0,20,12,0,2
969,1,20,11,0,6
7,0,20,12,1,3
438,1,20,12,0,4
406,0,25,14,0,5
1134,0,22,12,1,3
436,1,21,10,0,3
1076,1,20,12,0,2
1030,1,21,12,1,6
7,1,29,18,1,2
112,0,33,12,1,2
99,1,27,14,1,2
64,1,20,8,1,6
1249,1,19,12,0,2
301,0,21,12,1,6
133,0,18,8,1,3
686,0,21,12,1,3
301,0,20,12,0,3
294,0,17,8,1,4
35,0,23,12,1,4
623,0,23,9,0,4
7,1,20,8,1,6
70,0,19,12,1,5
168,1,26,16,0,3
532,0,22,14,0,3
1233,1,20,12,1,3
70,0,19,9,1,3
189,0,30,16,1,2
32,1,19,8,1,3
686,0,21,12,1,5
119,0,29,16,0,2
98,1,31,16,1,2
105,0,19,9,1,4
1358,0,25,16,1,3
91,0,23,12,1,3
1325,1,23,15,1,4
147,0,18,9,0,4
441,0,21,11,1,2
735,0,28,12,1,3
735,0,21,12,0,5
29,1,27,14,0,2
7,0,27,12,0,3
203,0,29,12,1,5
182,0,21,12,0,5
1130,1,26,18,1,2
28,0,22,14,0,3
7,0,23,12,1,5
137,1,22,12,1,4
741,1,24,15,1,3
1022,0,31,16,1,2
111,1,23,12,0,2
658,0,20,12,1,3
273,0,22,12,1,2
378,0,24,14,0,5
805,0,21,12,1,3
133,0,28,14,1,2
1043,1,18,8,0,2
91,0,30,16,1,2
42,0,22,12,0,2
84,0,26,12,0,2
7,0,21,12,0,3
1363,1,23,16,0,2
14,0,21,12,1,4
371,0,27,14,1,3
1050,1,26,19,1,4
35,0,23,12,1,2
161,0,22,12,0,4
14,0,21,10,1,6
784,0,19,9,0,4
70,0,22,13,0,5
154,0,21,12,1,5
385,0,25,12,0,3
357,0,20,10,1,6
135,1,23,12,1,5
284,1,30,13,0,2
42,0,20,12,0,4
91,0,23,16,0,4
42,0,23,8,1,4
25,1,34,16,1,2
798,1,24,16,1,2
462,0,24,16,0,4
847,1,20,12,0,3
147,0,22,12,1,2
405,1,26,13,0,4
1050,1,21,12,1,3
794,1,24,12,1,4
35,0,29,10,0,2
637,0,24,16,0,1
84,0,18,9,1,4
626,1,20,12,1,5
77,0,27,14,0,2
68,1,28,15,1,3
56,0,22,12,0,5
42,0,21,11,1,3
63,0,29,9,0,2
665,0,21,12,1,6
280,0,28,18,1,2
126,0,20,12,0,4
76,1,25,12,0,2
448,0,21,14,0,3
196,0,21,12,1,4
602,0,22,15,0,2
686,0,27,14,1,3
7,0,19,12,1,3
520,1,26,15,0,6
791,0,20,12,1,4
42,0,25,12,1,2
231,0,22,16,1,2
84,0,21,12,0,3
392,0,28,12,1,2
745,1,20,12,1,3
273,0,24,16,0,2
982,1,21,11,0,2
21,0,25,12,1,5
112,0,20,12,1,3
117,1,31,12,1,2
175,0,20,12,0,6
315,0,31,9,0,2
721,0,30,18,0,4
1414,1,23,16,1,5
147,0,21,12,1,3
21,0,20,12,0,4
1124,1,20,12,1,6
1008,0,33,16,0,3
21,0,18,10,1,3
259,0,23,12,0,3
42,0,20,12,1,4
343,0,32,14,1,3
555,1,25,12,0,2
686,0,19,12,1,3
70,0,20,12,0,3
7,0,20,12,1,4
210,1,28,13,0,2
441,0,20,11,0,4
694,1,21,13,0,4
28,0,20,12,1,4
119,0,17,8,0,2
217,0,22,9,0,4
196,0,19,12,0,3
1149,1,19,12,1,4
642,1,21,12,1,3
24,1,23,13,1,4
154,0,19,12,0,4
273,0,18,12,1,3
791,0,22,11,1,5
410,1,22,12,0,3
771,1,21,12,1,6
25,1,24,12,1,3
91,0,19,9,0,3
98,0,23,12,0,2
182,0,18,12,1,6
112,0,19,12,1,6
154,0,24,12,0,4
406,0,21,11,0,3
168,0,21,14,1,6
203,0,17,10,1,2
77,0,23,12,1,5
413,0,26,12,0,3
21,0,22,12,1,2
98,0,25,11,0,4
292,1,21,12,1,6
1407,0,27,19,1,2
91,0,20,12,1,3
8,1,30,14,1,2
441,0,21,12,1,6
938,0,29,12,0,2
168,0,16,8,1,2
49,0,30,20,1,3
1386,1,27,20,1,2
189,1,24,13,0,5
84,0,21,11,0,6
126,1,24,12,1,4
238,1,21,12,1,4
35,0,20,12,0,2
476,0,26,15,0,2
709,1,19,8,1,4
504,0,23,15,1,3
98,0,18,11,0,3
28,0,22,12,0,3
7,0,26,14,1,2
14,0,21,12,1,6
1382,1,19,12,0,2
882,0,19,12,0,3
70,0,20,10,0,6
70,0,20,10,0,4
42,0,20,12,1,4
77,0,27,13,1,2
1141,1,19,12,1,5
98,0,20,10,0,3
553,1,19,12,1,3
742,0,27,12,1,2
203,0,19,10,0,3
49,0,18,12,1,5
182,0,22,12,0,3
70,0,31,12,0,1
77,0,22,12,1,6
350,0,20,12,1,2
245,0,22,11,0,3
350,0,22,13,1,6
21,0,24,11,0,6
35,0,19,12,1,5
147,0,20,12,1,4
6,1,26,12,0,2
21,0,24,16,1,2
224,1,22,12,0,4
289,1,22,10,1,5
42,0,22,12,0,4
931,0,30,14,1,2
696,1,23,14,1,4
21,0,32,12,1,2
70,0,22,11,1,3
105,0,20,12,1,3
413,0,20,11,1,3
70,0,24,16,1,3
459,1,21,12,1,5
14,0,18,6,0,3
721,0,20,12,1,4
1243,1,19,12,0,2
511,0,19,12,1,4
574,0,27,10,1,4
14,0,29,12,0,4
834,1,20,12,1,4
7,0,25,12,0,3
28,0,21,12,1,3
462,0,20,12,0,3
619,1,22,12,1,3
217,0,21,10,0,5
1230,1,19,10,0,2
83,1,27,15,0,2
210,0,19,12,1,4
77,0,30,16,0,3
110,1,21,10,1,5
364,1,31,18,1,2
441,0,20,12,1,6
35,0,21,12,1,4
133,0,19,12,0,4
47,1,22,12,1,2
126,0,27,12,1,3
42,0,21,10,0,5
623,0,17,11,0,5
44,1,33,14,0,3
378,0,21,12,1,5
658,1,27,11,1,4
91,0,20,12,0,2
168,0,24,13,1,3
7,0,19,9,1,5
259,0,21,12,0,4
1071,0,20,12,1,4
112,0,19,12,1,2
364,0,27,16,0,3
161,0,25,13,1,3
28,0,19,12,1,3
28,0,19,12,1,3
91,0,19,12,1,3
912,1,28,14,0,3
49,0,19,12,1,3
126,0,20,12,1,3
90,1,25,13,1,4
35,0,20,12,1,3
70,0,22,10,0,6
532,0,20,12,1,5
336,0,21,11,0,2
551,1,22,10,0,4
518,0,19,12,0,2
86,1,25,12,0,2
247,1,27,13,0,2
189,0,19,10,0,3
91,0,18,11,0,3
7,1,33,14,1,2
28,0,22,12,1,5
42,0,27,12,0,4
360,1,26,16,1,3
273,0,20,12,1,3
407,1,21,12,1,5
429,1,27,15,1,5
14,0,22,12,0,2
56,0,21,10,1,3
896,0,22,15,1,4
7,0,21,9,1,4
56,0,20,9,1,4
380,1,26,16,1,2
35,0,21,12,0,5
77,0,26,19,1,2
42,0,20,12,0,4
161,0,20,12,0,4
147,0,21,12,0,3
321,1,22,12,1,4
159,1,24,11,0,3
399,0,22,12,0,3
42,0,19,11,1,3
119,0,17,9,0,4
126,0,20,12,1,3
21,0,31,11,0,2
16,1,28,12,0,4
350,0,19,12,1,3
35,0,22,13,1,3
280,0,28,16,1,5
98,0,24,16,1,2
98,0,20,11,1,3
840,0,18,11,0,3
277,1,21,10,1,4
322,0,21,12,0,2
119,0,18,11,1,3
161,0,21,12,1,3
91,0,20,12,0,3
231,0,26,13,0,3
70,0,28,13,1,2
21,0,20,11,1,4
156,1,27,12,1,2
630,0,20,11,1,4
41,1,21,11,0,6
112,0,20,10,0,3
56,0,19,9,1,3
43,1,23,12,0,5
8,1,24,12,0,4
878,1,25,12,1,4
98,0,19,12,1,3
490,0,29,9,1,2
1148,1,20,12,0,2
97,1,20,9,0,6
36,1,24,11,1,3
42,0,20,10,1,2
266,0,21,12,1,5
350,0,21,12,1,2
330,1,22,12,1,5
77,0,21,12,1,6
371,1,21,12,0,5
14,0,30,12,0,2
42,0,18,10,1,3
224,0,24,14,0,3
766,1,26,16,1,4
694,1,21,12,0,4
290,1,22,12,1,6
14,0,18,10,0,2
644,0,19,9,0,4
461,1,25,14,0,5
98,0,27,11,1,4
154,0,30,14,0,4
567,1,25,15,0,2
815,1,21,12,1,2
140,0,21,12,0,3
21,0,32,12,1,2
497,0,20,12,0,3
185,1,21,12,0,6
175,0,24,15,1,3
448,0,31,15,1,3
28,0,22,12,0,3
406,0,22,14,1,3
712,1,26,14,0,2
84,1,23,12,0,2
7,0,20,11,1,4
126,0,21,12,1,4
189,0,29,15,1,2
147,0,23,16,1,4
1027,1,27,17,1,2
952,0,25,16,1,3
870,1,29,17,1,3
63,0,22,12,0,3
1093,1,24,16,1,2
98,0,22,12,1,3
1309,1,26,16,1,4
49,0,22,12,0,2
616,0,19,12,1,6
406,0,19,10,1,6
133,0,22,10,1,5
1211,0,26,15,1,5
126,0,25,15,0,5
350,0,21,12,0,6
126,0,30,12,0,4
8,1,25,13,1,2
28,0,19,12,0,2
980,0,28,16,1,4
897,1,25,15,0,4
72,1,22,12,1,6
892,1,27,13,0,4
49,0,19,9,1,5
77,0,20,12,0,4
1305,1,24,16,1,4
805,0,22,16,1,2
364,0,23,12,0,5
56,0,20,11,1,2
1276,1,25,16,1,3
1141,1,20,12,1,3
7,0,20,12,1,3
1034,1,21,12,0,5
84,0,19,12,1,3
49,0,21,11,1,3
752,1,23,12,0,3
28,1,23,12,0,4
133,0,17,8,1,2
35,0,20,12,0,3
124,1,29,12,1,3
77,0,25,13,1,3
70,0,20,10,1,2
28,0,20,12,0,6
182,0,23,14,0,3
1358,0,21,13,1,4
273,0,21,13,1,2
12,1,22,9,0,5
196,0,23,11,0,3
448,0,21,12,0,5
70,0,20,11,1,4
198,1,29,16,1,2
728,0,20,10,1,4
21,0,21,12,1,4
49,0,20,12,1,3
210,0,29,16,0,3
77,0,21,12,0,3
49,0,22,12,0,2
175,0,29,15,1,5
56,0,22,12,1,6
168,1,24,12,0,2
266,0,22,12,1,3
14,0,31,14,0,4
9,1,21,7,1,3
91,0,22,16,1,5
1174,1,20,12,1,3
42,0,30,20,1,1
11,1,24,12,1,3
105,0,27,12,0,3
42,0,24,13,0,5
14,0,18,7,0,2
414,1,28,16,0,3
350,0,20,12,0,4
154,0,21,12,0,2
35,0,23,13,1,3
237,1,21,11,0,6
105,0,22,13,1,2
280,0,22,12,0,2
1416,1,18,12,0,3
112,0,19,9,1,4
1282,1,24,16,1,3
56,0,20,12,1,4
28,0,20,12,0,3
140,0,21,12,1,3
245,0,20,12,0,4
427,0,25,14,1,2
133,0,26,12,1,3
1290,1,23,16,1,2
35,0,19,8,1,5
21,0,18,9,1,2
231,0,19,10,1,5
70,0,21,12,0,5
224,1,22,12,1,3
91,0,20,12,0,3
797,1,26,16,1,2
266,0,25,16,1,4
119,0,21,11,0,4
21,0,19,10,0,2
49,0,19,12,0,3
35,0,20,11,1,5
91,0,21,12,0,3
589,1,22,11,1,5
1023,1,20,12,0,6
940,1,21,12,1,3
49,0,19,11,1,4
154,0,18,11,0,3
7,0,21,12,1,2
525,0,20,12,0,3
35,0,22,13,0,6
14,0,21,12,1,4
517,1,20,10,0,4
1318,1,19,12,0,4
595,0,24,14,1,3
759,1,22,12,1,2
35,0,20,12,1,4
84,0,21,12,1,3
42,0,23,13,1,2
105,0,20,10,0,4
177,1,30,12,0,3
196,0,21,10,0,2
91,0,19,12,1,2
56,0,20,12,1,6
613,1,21,12,0,4
84,1,21,12,0,3
28,0,20,12,0,5
497,0,19,9,1,4
448,0,21,12,0,4
1101,1,20,12,0,2
259,0,21,13,1,4
77,0,20,11,1,4
56,0,21,12,0,2
835,1,21,13,1,6
91,0,18,12,1,2
155,1,28,12,1,3
280,0,25,15,0,2
63,0,20,10,0,6
490,0,23,13,0,2
266,0,20,12,1,3
399,0,21,12,1,2
28,0,20,9,0,4
1084,1,22,12,1,6
701,1,20,12,1,3
441,0,26,16,0,2
77,0,23,15,1,5
703,1,19,10,1,4
77,0,26,12,0,2
26,1,24,12,1,2
35,0,22,12,1,3
168,1,31,14,1,3
183,1,24,12,0,3
217,0,24,14,1,6
238,0,18,10,0,3
91,0,28,12,0,2
84,0,20,11,0,3
1260,0,19,12,1,6
189,0,19,12,1,4
35,0,24,13,0,6
168,0,24,12,1,6
503,1,24,13,1,2
81,1,22,12,1,4
381,1,30,13,1,2
182,0,22,12,0,3
119,0,23,15,1,5
21,0,22,12,1,4
84,0,21,12,0,5
77,0,21,12,0,3
42,0,22,11,0,6
35,0,20,12,1,3
7,0,23,8,1,5
567,0,22,15,0,4
8,1,30,12,0,2
7,0,21,11,1,3
28,0,20,10,0,6
217,0,18,11,0,2
990,1,24,12,1,3
14,0,21,11,0,6
840,0,25,14,1,4
1342,1,19,12,0,3
78,1,25,11,1,2
466,1,20,12,0,3
535,1,20,12,1,6
406,0,28,14,1,3
28,0,28,12,0,4
3,1,32,16,0,3
455,0,25,12,0,2
758,1,21,12,0,6
381,1,21,12,1,4
434,0,20,11,0,3
196,0,24,12,1,5
28,0,21,12,1,5
91,0,19,11,0,2
42,0,29,14,1,4
70,0,19,12,1,3
35,0,18,8,0,2
640,1,20,12,1,6
525,0,20,12,1,4
1106,1,19,12,1,5
84,0,24,16,1,3
705,1,25,15,0,2
686,0,21,13,1,2
98,0,22,12,1,6
252,0,23,12,0,2
28,0,28,11,0,5
154,0,22,13,0,2
329,0,21,12,1,5
112,0,24,12,0,3
882,0,20,12,1,4
84,0,20,10,1,5
21,0,18,9,1,2
63,0,19,8,0,4
777,0,22,12,0,6
7,0,18,10,1,2
126,0,19,12,1,4
210,0,23,11,0,6
6,1,30,12,0,2
11,1,23,11,1,3
28,0,21,12,1,3
357,0,27,17,1,3
105,0,20,12,0,4
301,0,15,8,1,3
169,1,25,13,1,4
56,0,19,12,1,5
1197,0,18,12,0,4
112,0,18,9,0,4
63,0,20,11,0,4
21,0,18,8,1,4
775,1,21,12,0,6
266,0,21,12,1,3
42,0,21,12,1,5
28,1,21,11,1,3
210,0,27,12,1,3
918,1,26,16,0,4
665,0,18,11,0,3
154,0,21,11,1,3
105,0,21,12,1,6
7,0,25,14,0,2
147,0,20,12,1,4
28,0,20,12,0,3
301,0,20,12,1,2
567,0,18,10,0,2
336,0,19,12,1,6
539,0,19,12,1,5
182,0,20,12,1,4
1473,1,20,13,0,5
21,1,20,12,0,4
469,0,19,10,0,2
35,0,24,12,1,6
99,1,23,12,0,2
14,1,23,11,0,3
757,1,20,12,1,4
67,1,25,13,1,3
231,0,25,15,1,3
576,1,22,12,1,2
130,1,22,12,1,5
315,0,32,11,0,1
871,1,25,12,1,2
273,0,27,14,1,2
63,0,19,12,0,3
98,0,21,12,0,4
582,1,20,12,0,3
813,1,21,12,1,3
497,0,19,9,0,3
126,0,24,16,0,4
46,1,24,12,0,2
404,1,21,11,1,3
1099,0,25,14,1,2
63,0,20,12,0,4
21,0,17,9,1,3
223,1,28,11,0,3
407,1,26,16,1,2
280,0,21,12,1,3
29,1,21,9,1,3
63,0,20,10,0,6
989,1,24,16,1,2
175,0,18,11,1,3
42,0,21,14,0,3
126,0,22,11,0,3
168,0,28,16,0,4
147,0,19,12,1,4
42,0,21,13,0,4
665,0,24,16,1,4
156,1,24,12,1,6
364,0,24,13,1,2
56,0,23,16,0,3
238,0,19,12,1,6
497,0,19,11,0,2
1275,1,25,13,0,3
168,0,20,11,0,5
1545,1,19,12,0,3
322,0,21,12,0,4
553,0,18,7,0,2
264,1,28,12,0,2
1,1,22,12,0,5
98,0,20,9,1,3
308,0,21,12,1,6
601,1,20,12,1,4
42,0,17,9,0,2
35,0,21,13,0,3
280,0,19,11,1,5
588,0,21,13,0,3
789,1,21,12,0,4
1169,0,19,12,0,2
98,0,20,12,0,5
168,0,22,12,0,5
1220,1,18,12,1,3
397,1,25,14,0,6
119,0,22,13,0,3
49,0,18,12,0,3
98,0,21,12,1,3
1004,1,24,14,0,2
1278,1,20,11,0,3
77,0,22,12,1,4
126,0,21,12,1,4
1155,1,20,12,1,3
546,0,25,12,1,1
63,0,18,11,0,4
35,0,24,14,1,3
441,0,17,10,0,2
49,0,21,11,1,4
154,0,23,14,1,6
77,0,27,13,0,3
21,0,21,11,1,3
322,0,24,12,0,3
168,0,21,12,0,3
318,1,22,12,1,6
112,0,20,11,0,6
427,0,19,11,1,3
343,1,21,12,1,4
378,0,22,12,0,4
42,0,22,12,0,5
105,1,23,12,1,3
1236,1,28,18,1,4
469,1,24,10,1,3
84,0,30,15,1,2
245,0,21,12,1,3
189,0,19,12,1,3
77,0,24,16,1,3
161,0,28,14,1,4
28,0,18,12,0,4
98,0,20,12,1,3
56,0,27,18,1,3
56,0,25,15,1,4
679,0,24,16,1,2
63,0,21,11,0,6
42,0,25,17,1,5
836,1,18,10,0,3
796,1,20,12,0,5
308,0,25,16,1,5
308,0,19,10,0,5
63,0,20,8,0,3
1133,1,25,15,0,2
826,1,29,17,1,3
750,1,20,12,1,4
217,0,26,10,1,4
70,0,19,9,1,3
49,0,19,9,1,3
70,0,24,16,1,5
91,0,22,12,1,3
182,0,26,12,1,4
266,0,19,11,1,3
70,0,23,12,0,3
98,0,20,12,0,3
1400,0,27,16,0,5
579,1,22,12,1,3
420,0,20,12,1,4
12,1,27,13,1,4
21,0,22,11,0,4
14,0,21,12,1,4
42,0,21,12,1,4
584,1,23,12,0,2
869,1,20,11,1,2
462,0,20,12,1,4
532,0,25,14,0,3
168,0,19,12,1,3
362,1,21,12,1,3
70,0,28,13,1,2
574,0,21,13,0,4
21,0,20,10,0,2
490,0,19,12,1,2
245,0,21,12,1,4
133,0,21,12,1,4
119,0,21,12,1,4
176,1,23,12,1,5
98,0,26,12,1,3
49,0,20,10,0,2
385,0,25,16,1,4
155,1,23,13,1,2
127,1,23,10,1,6
404,1,25,16,0,2
7,0,24,14,1,2
168,0,21,12,1,4
235,1,28,17,0,2
235,1,24,12,1,5
273,0,23,16,0,2
140,0,21,12,1,4
175,0,26,16,0,3
367,1,25,16,0,3
105,0,19,12,0,3
245,0,20,12,1,2
336,0,19,12,1,6
99,1,20,10,0,5
252,0,21,11,1,4
42,0,20,11,1,5
77,0,18,8,0,3
385,0,21,8,1,4
147,0,25,12,0,5
802,1,20,12,0,3
619,1,21,12,1,2
561,1,26,16,0,3
98,0,20,12,0,4
1436,1,24,17,1,3
1506,1,24,14,1,3
371,0,24,13,1,4
84,0,21,13,1,3
35,0,26,12,0,3
42,0,27,17,0,2
28,0,20,12,1,3
63,0,23,16,1,3
301,0,22,12,1,5
504,1,29,13,1,3
203,0,18,10,1,3
210,0,18,11,1,3
407,1,21,12,1,3
908,1,20,11,0,3
210,0,23,12,0,4
347,1,26,12,1,3
98,0,25,12,0,5
119,0,23,16,1,2
35,0,26,14,1,5
679,0,25,15,0,2
105,0,22,12,0,3
98,0,23,13,1,4
196,0,23,16,1,2
105,0,21,13,0,3
42,0,18,9,1,2
105,0,20,11,0,4
1306,1,19,12,0,3
105,0,18,10,1,3
182,0,26,14,0,5
616,0,24,15,0,2
252,0,21,10,0,3
875,0,20,10,1,6
294,0,21,12,0,5
392,0,23,12,0,3
196,0,28,12,0,5
56,0,19,10,0,4
63,0,21,11,0,2
63,0,20,12,1,2
385,0,23,13,0,2
42,0,19,10,1,6
203,0,20,12,1,2
63,0,20,11,1,3
21,0,21,12,0,4
154,0,19,12,0,3
147,0,33,14,1,2
9,1,27,12,0,2
287,0,16,8,1,3
259,0,25,14,0,5
91,0,19,11,1,4
1311,1,21,13,0,3
84,0,21,13,0,3
1009,1,20,12,0,3
441,0,28,16,1,3
21,0,26,16,0,2
294,0,24,16,0,2
448,0,22,12,0,3
615,1,28,12,1,5
966,0,24,16,1,3
49,1,22,12,1,4
308,0,22,12,0,3
153,1,23,9,0,3
28,1,24,12,1,3
343,0,20,12,1,3
448,0,17,10,0,2
1290,1,23,16,1,6
388,1,20,12,1,6
42,0,18,11,1,4
329,0,22,15,0,2
63,0,22,11,0,5
28,0,21,10,1,2
133,0,20,12,1,3
308,0,22,14,1,2
273,0,33,12,1,5
217,0,20,11,0,6
294,0,20,12,0,4
644,0,19,11,1,3
196,0,21,11,1,5
70,0,32,16,0,2
14,0,24,13,0,3
112,0,22,12,1,3
1176,1,18,11,1,2
567,1,21,10,0,3
726,1,23,12,1,4
168,0,24,15,1,5
311,1,25,16,1,2
595,0,19,12,1,4
366,1,24,12,0,6
252,0,22,12,1,3
399,0,18,12,0,2
140,0,25,17,1,5
77,0,21,12,1,4
35,0,27,12,1,3
98,0,22,11,0,3
147,0,24,12,1,4
56,0,32,12,1,3
77,0,22,14,1,6
245,0,19,12,1,3
189,0,22,15,1,3
77,0,17,9,1,2
894,1,26,16,1,1
210,0,26,12,0,3
21,0,28,14,1,4
273,0,22,12,1,4
140,0,27,15,1,5
161,0,18,9,1,2
77,0,27,16,1,3
1486,1,25,18,1,2
24,1,25,12,1,4
35,0,21,12,1,3
665,0,29,12,1,4
35,0,18,12,1,6
217,0,20,13,1,2
398,1,29,12,0,2
281,1,23,12,1,5
112,0,21,12,0,3
42,0,20,12,1,3
1170,1,20,12,1,4
358,1,21,11,1,5
182,0,20,12,1,6
98,0,23,16,1,2
1428,0,26,19,1,2
119,0,28,11,1,2
336,0,19,12,0,4
497,0,28,16,1,2
267,1,25,12,1,6
777,0,25,12,0,2
161,0,20,12,1,2
63,0,22,12,0,5
161,0,22,13,0,6
588,0,27,16,0,3
98,0,19,12,0,2
749,0,19,12,1,2
35,0,27,13,1,2
281,1,21,12,1,5
175,0,20,11,0,3
98,0,20,11,0,4
364,0,18,10,0,2
245,0,24,15,0,4
91,0,25,12,0,2
553,0,25,17,0,4
56,0,20,10,0,5
21,0,23,12,1,6
91,0,18,8,0,3
21,0,21,12,1,6
84,0,18,12,0,3
32,1,23,10,0,4
21,0,22,12,1,3
875,1,21,12,1,3
928,1,19,11,1,4
42,0,19,8,0,3
49,0,20,12,0,4
154,0,27,12,0,3
315,0,20,12,1,2
41,1,27,16,1,2
588,1,27,17,0,4
84,0,30,16,1,2
161,0,20,9,1,3
889,1,19,9,1,2
539,0,21,12,1,4
350,0,23,13,1,3
28,0,19,11,1,3
35,0,20,12,1,3
14,0,23,16,1,3
210,0,21,12,0,3
14,0,21,12,1,2
133,0,24,12,1,3
903,1,26,16,1,5
168,0,23,12,1,2
161,0,18,8,1,2
384,1,23,12,0,4
63,0,16,8,0,3
301,0,21,12,1,3
126,0,22,12,1,4
365,1,21,11,1,3
63,0,19,11,1,2
121,1,28,17,1,4
1393,0,28,17,1,3
603,1,21,12,0,3
994,0,21,12,0,3
14,0,18,11,1,3
224,0,28,13,0,2
436,1,24,12,0,2
175,0,21,12,0,3
224,0,19,12,1,3
14,0,19,10,0,3
126,0,20,12,1,2
217,0,24,12,0,2
21,0,26,13,0,3
112,0,20,12,0,2
188,1,27,12,0,3
1309,1,24,12,0,2
1203,1,24,13,0,3
935,1,21,12,0,5
259,0,22,9,1,6
287,0,23,11,0,3
168,0,20,11,1,4
672,0,20,12,0,4
35,0,20,12,1,3
301,0,19,12,0,3
203,0,21,12,1,5
84,0,20,12,0,4
14,0,23,16,1,2
588,1,21,12,1,2
112,0,18,11,0,2
98,0,19,9,1,4
154,0,20,12,0,4
166,1,22,12,0,2
1431,1,18,11,0,2
609,0,26,16,1,2
413,0,26,13,1,6
343,1,21,12,1,4
196,0,26,9,0,2
203,0,25,12,0,2
1205,1,23,16,1,3
203,0,17,9,1,2
406,0,21,10,1,5
176,1,22,12,0,3
20,1,25,12,1,3
18,1,23,10,0,4
7,0,22,12,0,2
105,0,26,16,1,2
14,0,20,12,1,4
263,1,22,12,0,6
49,0,20,12,0,6
63,0,20,9,1,4
70,0,29,11,1,2
35,0,26,13,0,4
21,0,27,12,0,4
84,0,22,12,0,5
301,0,22,12,0,3
336,0,27,13,1,3
28,0,22,13,1,5
252,0,26,13,0,2
168,0,23,12,1,2
21,0,30,14,1,3
154,0,22,12,1,5
735,0,29,10,1,2
84,0,17,8,0,3
483,1,23,11,1,4
91,0,18,11,1,3
35,0,22,12,1,6
196,0,18,9,1,4
378,0,20,10,0,2
28,0,18,8,0,3
1106,1,20,12,1,4
1036,0,25,13,0,3
224,0,22,12,1,4
87,1,29,13,0,3
15,1,23,12,1,4
168,0,25,13,1,2
1413,1,24,15,1,2
56,0,20,11,1,3
84,0,19,12,1,2
28,0,21,11,0,4
290,1,22,12,1,2
42,0,23,15,0,4
63,0,22,12,1,3
182,0,25,12,0,3
238,0,23,13,1,5
112,0,20,12,0,5
21,0,23,12,0,4
161,0,19,11,1,2
182,0,22,13,0,4
35,0,28,11,0,3
364,0,23,13,0,5
7,0,21,12,1,4
455,0,24,16,1,3
42,0,20,11,0,4
917,0,20,12,1,3
273,0,17,9,0,2
630,0,27,12,0,4
245,0,21,12,0,2
14,0,24,12,0,3
21,0,20,13,0,3
575,1,19,9,1,3
342,1,26,12,1,4
484,1,21,12,0,3
133,0,24,15,1,2
294,0,23,12,0,2
84,0,20,12,1,6
700,0,22,12,0,3
224,0,31,12,0,1
371,0,21,12,1,3
63,0,22,14,1,3
84,0,32,14,1,3
31,1,25,14,0,2
667,1,24,13,0,3
164,1,29,12,1,4
308,0,20,12,1,4
196,0,17,5,1,3
21,0,19,12,1,3
140,0,19,13,1,2
371,0,20,12,1,3
119,0,25,13,0,2
77,0,20,12,1,4
637,0,28,16,1,2
35,0,21,10,1,5
112,0,20,11,0,3
28,0,21,12,1,4
119,1,22,12,0,3
84,0,21,12,1,3
60,1,20,10,1,4
49,0,22,12,0,5
49,0,23,11,1,5
84,0,21,11,1,3
553,0,21,12,0,3
681,1,22,12,1,6
42,0,22,12,0,3
98,0,22,16,0,4
98,0,27,14,1,4
101,1,25,14,0,4
962,1,24,16,1,3
203,0,27,19,1,6
84,0,24,9,0,2
504,0,27,12,1,2
21,1,24,11,0,2
1197,0,19,11,1,4
504,0,21,12,0,5
28,0,21,9,0,4
161,0,24,14,0,6
49,0,21,9,0,4
140,0,25,12,0,4
1269,1,21,11,0,3
77,0,18,12,0,2
82,1,22,12,0,5
259,0,20,12,0,3
119,0,25,12,0,4
161,0,20,12,0,6
203,0,22,12,0,3
63,0,18,10,0,5
651,0,22,11,0,4
12,1,20,12,1,6
8,1,22,12,0,4
294,0,21,12,0,6
616,1,27,14,0,3
424,1,25,12,1,2
609,0,20,12,0,3
112,0,18,10,1,2
1196,1,20,12,0,4
280,0,21,12,1,3
49,0,23,13,0,4
98,0,19,12,1,3
84,0,31,14,1,3
161,0,19,12,1,5
28,0,24,12,0,2
1414,1,22,14,0,2
224,0,22,12,0,5
221,1,30,11,1,2
49,0,21,12,1,3
945,0,26,17,0,2
126,0,22,14,0,6
182,0,17,8,0,2
1330,0,27,16,1,4
822,1,20,11,0,5
21,0,26,12,0,4
105,0,17,9,1,3
91,0,19,10,1,2
63,0,21,9,0,4
322,0,19,12,1,2
77,0,20,12,0,4
329,1,23,12,0,3
126,0,20,12,1,2
154,0,19,10,0,6
105,0,20,10,0,5
196,0,20,12,1,2
357,0,29,16,1,2
210,0,21,12,0,3
506,1,22,12,1,3
112,0,20,12,0,4
112,0,23,11,0,5
574,0,19,9,1,4
133,0,20,12,1,6
102,1,22,12,1,3
561,1,20,11,1,3
434,0,21,12,1,3
1109,1,22,13,0,2
210,0,20,11,0,4
175,0,23,12,1,2
770,0,18,10,0,2
420,1,20,11,0,3
81,1,26,14,1,2
231,0,21,12,0,5
105,0,19,12,0,3
154,0,19,9,1,3
329,0,31,17,0,2
77,0,22,10,1,2
14,0,26,13,1,6
182,0,21,12,0,4
217,0,22,14,1,6
28,0,22,11,0,4
70,0,22,12,0,4
28,0,17,10,1,2
59,1,22,12,0,3
70,0,23,12,0,3
140,0,22,13,0,6
210,0,21,12,1,3
1031,1,23,14,0,4
151,1,19,8,1,4
168,0,24,12,0,3
105,0,20,12,0,5
139,1,26,13,0,3
140,0,20,12,1,6
783,1,20,12,1,2
287,0,20,12,0,3
35,0,22,13,1,2
273,0,27,12,1,5
364,0,21,14,0,4
470,1,19,9,1,3
119,0,17,9,1,2
677,1,22,12,0,3
595,0,24,13,0,4
97,1,23,12,1,2
1136,1,20,12,1,3
112,0,22,12,0,3
98,0,20,11,1,4
768,1,22,12,1,6
7,0,20,12,0,6
35,0,29,12,0,3
378,0,21,12,0,3
126,0,20,12,0,3
217,0,22,12,1,2
497,0,19,12,1,2
168,0,29,12,0,3
1132,1,18,9,1,3
374,1,23,11,0,5
140,0,21,12,0,5
511,0,25,14,0,5
371,0,19,10,1,4
1199,1,19,12,1,2
308,0,21,10,0,5
1,1,31,16,1,2
1129,1,29,20,1,2
203,0,22,11,1,3
91,0,29,14,1,2
147,0,22,8,0,2
861,0,25,13,0,4
28,0,22,12,0,2
210,0,28,16,1,2
182,0,20,12,1,3
812,0,29,13,1,2
14,0,17,9,1,2
490,1,22,12,0,2
203,0,29,12,0,3
101,1,25,16,0,2
56,0,19,9,1,4
98,0,21,12,1,5
133,0,18,9,0,5
15,1,23,12,1,4
538,1,30,10,1,3
161,0,23,12,0,3
168,0,21,12,1,3
1038,1,21,12,0,4
152,1,23,12,0,2
56,0,21,11,0,5
315,0,30,14,1,3
420,0,31,11,0,2
105,0,18,12,0,4
133,0,25,12,0,3
210,0,18,10,0,3
721,0,28,12,0,2
521,1,24,12,0,2
231,0,23,14,1,3
119,0,20,12,0,5
1175,1,19,12,1,3
147,0,21,12,1,2
7,0,26,12,1,3
161,1,22,12,1,4
49,0,24,15,0,4
291,1,23,12,0,4
168,0,22,12,1,6
70,0,24,12,1,3
7,0,23,16,1,6
77,0,19,10,0,2
28,0,21,12,1,5
468,1,21,12,0,2
315,0,23,13,1,4
420,0,25,13,0,2
481,1,23,9,0,4
112,0,22,11,0,3
1139,1,23,16,0,4
161,0,18,12,0,2
581,0,19,12,1,3
56,0,19,12,0,3
581,0,18,12,1,2
7,0,26,15,0,2
161,0,23,13,1,3
217,0,19,12,1,3
287,0,23,12,0,2
14,0,23,11,0,2
189,1,27,16,0,2
35,0,22,12,1,2
222,1,22,11,1,2
210,0,21,12,0,2
21,0,25,15,1,4
126,0,19,12,0,2
119,0,22,11,0,5
154,0,18,9,0,2
469,0,22,12,1,3
343,0,19,9,0,6
399,0,19,8,1,5
7,0,19,12,1,3
609,0,20,12,0,4
532,1,25,12,1,2
299,1,22,12,1,3
1211,1,19,12,0,2
77,0,21,12,0,4
70,1,26,12,0,3
189,0,17,12,1,2
418,1,21,12,0,3
126,0,21,12,1,4
84,0,20,12,0,6
7,0,19,12,1,3
105,0,20,12,0,2
399,0,24,16,1,2
7,0,20,8,1,6
182,1,23,13,1,3
42,0,19,12,1,2
55,1,24,12,0,3
98,0,21,12,1,5
392,0,24,12,1,3
772,1,28,18,1,1
1092,1,24,16,1,2
868,0,27,12,0,3
140,0,17,9,1,3
69,1,20,10,1,6
756,0,27,16,1,3
161,0,21,12,1,2
182,0,27,16,1,4
14,0,23,12,1,4
112,0,22,13,0,3
1255,1,21,12,0,5
140,0,28,10,1,4
56,0,20,12,1,2
21,0,18,7,0,2
420,0,24,14,0,4
63,0,31,15,1,2
448,0,24,12,1,6
143,1,19,12,0,4
365,1,21,12,1,4
443,1,23,13,0,6
8,1,31,20,1,3
428,1,22,11,0,5
734,1,20,12,0,4
147,0,27,12,1,3
718,1,27,19,1,2
343,0,21,13,1,3
100,1,23,12,0,5
84,0,22,12,1,3
14,0,23,12,0,3
626,1,23,12,1,2
70,0,20,10,1,4
399,0,19,11,1,3
106,1,24,13,0,4
63,0,21,10,0,6
644,0,20,11,0,5
272,1,25,12,0,3
1015,1,21,12,1,4
266,0,20,13,1,3
112,0,20,13,0,4
84,0,21,12,1,2
473,1,24,14,0,3
8,1,24,11,1,2
7,0,19,12,1,3
188,1,22,12,0,3
70,0,20,10,1,3
56,0,20,10,1,3
239,1,22,12,0,6
703,1,26,14,0,3
98,0,29,12,1,3
210,0,19,12,0,2
126,0,22,12,0,4
1316,1,23,16,1,3
77,0,22,12,0,4
49,0,24,16,1,4
385,0,20,9,1,5
954,1,21,12,1,6
279,1,23,12,0,2
708,1,25,16,1,2
1268,1,26,13,1,2
189,0,21,13,1,4
194,1,23,9,1,5
1094,1,19,12,1,4
518,0,22,12,1,4
119,0,21,11,1,3
336,0,20,12,1,6
1008,0,19,12,1,2
133,0,21,12,1,3
91,0,21,12,0,4
91,0,20,11,0,5
133,0,20,12,1,6
252,0,30,12,1,3
21,0,33,12,0,2
112,0,20,12,1,3
754,1,18,8,0,3
255,1,22,12,0,3
14,0,26,13,1,3
70,0,17,9,0,3
215,1,22,12,1,6
133,0,19,12,0,3
70,0,30,17,1,2
63,0,18,8,1,3
98,0,32,20,1,2
308,0,20,11,1,5
1023,1,24,16,1,4
350,0,20,12,1,4
42,0,24,16,0,3
140,0,26,19,1,2
386,1,22,11,0,3
105,0,20,11,0,4
105,0,19,12,0,5
140,1,22,12,1,5
700,0,21,12,0,4
504,1,23,12,1,3
28,0,22,12,1,6
5,1,21,11,1,3
161,0,18,12,0,2
77,0,23,12,1,2
168,0,19,10,0,4
63,0,30,20,1,1
112,0,28,12,0,2
1297,1,20,12,0,3
35,0,20,12,0,2
735,0,28,16,1,2
91,0,20,10,0,6
491,1,29,19,1,2
126,0,23,12,0,3
91,0,26,10,1,3
1019,1,20,12,1,2
343,0,22,12,0,2
56,0,26,16,1,3
161,0,18,8,0,4
301,0,28,13,1,3
154,0,19,12,1,2
188,1,25,12,1,3
14,0,20,11,1,6
56,0,19,12,1,3
403,1,23,12,0,4
518,0,24,16,1,2
448,0,23,12,0,3
49,0,17,12,1,4
1092,0,23,14,0,2
63,0,19,12,1,3
147,0,24,12,0,4
21,0,27,16,1,2
21,0,20,12,0,2
1020,1,24,12,0,3
28,0,17,7,0,2
196,0,19,9,0,4
154,0,20,11,1,3
238,0,19,12,0,4
702,1,25,17,0,2
548,1,20,10,0,3
774,1,30,14,0,3
49,0,19,10,0,4
490,0,24,12,1,3
12,1,28,12,0,4
63,0,19,12,0,3
224,0,22,12,0,3
483,1,22,11,1,3
56,0,24,12,0,2
1435,0,30,19,1,3
101,1,24,12,0,5
1449,0,27,18,0,4
791,0,27,14,0,2
175,0,24,15,1,3
721,0,26,16,1,2
225,1,23,12,0,3
182,0,25,13,1,5
70,0,25,13,1,6
195,1,26,15,0,2
350,0,19,12,0,3
259,0,18,10,0,3
70,0,22,12,1,2
294,0,26,12,0,4
161,0,20,13,0,2
705,1,22,12,0,4
490,0,29,12,0,3
42,0,21,10,0,4
201,1,21,10,1,3
890,1,22,12,1,3
437,1,21,12,1,3
371,0,31,13,0,2
595,0,18,12,0,2
330,1,22,12,1,3
287,0,30,19,1,2
21,0,25,16,1,5
70,0,22,12,1,4
133,0,19,12,1,4
65,1,22,12,1,4
175,0,17,9,0,2
64,1,21,9,1,3
182,0,23,12,0,3
56,0,18,9,1,3
459,1,20,12,1,5
259,0,18,10,0,4
406,0,25,12,1,2
98,0,20,12,0,4
1229,1,22,12,0,5
295,1,25,16,1,2
70,0,19,12,1,3
644,0,20,12,1,3
217,0,19,12,1,3
399,0,22,12,0,3
42,0,19,11,1,3
35,0,19,10,1,4
70,0,19,9,0,5
35,0,19,12,0,6
126,0,27,15,0,4
623,0,23,13,0,3
35,0,24,15,0,5
714,0,28,16,0,4
231,0,20,10,0,4
126,0,18,9,1,3
161,0,26,13,0,3
350,0,18,10,1,3
126,0,21,12,0,4
14,0,20,10,1,6
252,0,25,12,1,3
1262,1,24,12,1,3
126,0,22,15,1,3
119,0,30,16,1,2
1419,1,25,16,0,3
497,0,21,12,1,3
1220,1,22,13,1,5
979,1,25,16,0,4
182,0,20,12,1,6
21,0,31,18,0,2
343,0,20,12,1,3
84,0,22,12,1,4
262,1,22,12,0,2
764,1,20,12,1,4
106,1,20,10,0,3
962,1,22,12,1,3
1128,1,22,13,0,2
91,0,19,8,1,5
36,1,23,12,1,3
680,1,23,15,0,3
202,1,24,11,0,3
749,0,25,16,1,1
322,0,21,12,0,4
511,0,20,11,1,2
93,1,21,9,1,5
161,0,20,8,1,4
724,1,26,16,1,2
419,1,22,12,0,4
462,0,26,16,1,3
63,0,26,16,1,2
98,0,20,11,0,3
1528,1,24,17,1,5
33,1,24,12,0,3
98,0,20,12,0,3
906,1,17,8,0,2
1182,1,17,9,0,2
126,0,20,12,1,3
35,1,22,10,0,3
56,0,22,11,1,3
14,0,18,8,1,4
1387,1,19,13,0,4
35,0,22,11,0,4
7,0,25,12,0,3
224,0,29,15,0,2
623,0,27,9,0,2
371,0,19,12,1,4
539,0,22,12,0,3
35,0,17,12,1,4
1187,1,20,12,0,4
79,1,21,10,1,6
7,0,18,10,1,3
397,1,21,10,1,3
168,0,21,10,1,3
182,0,25,18,1,2
322,0,22,12,0,4
730,1,26,16,0,2
872,1,19,11,0,3
28,0,20,12,0,4
266,0,22,11,1,3
203,0,22,12,0,3
1281,1,22,12,1,3
63,0,23,16,1,2
63,0,20,12,0,6
1288,1,21,13,0,5
35,0,22,12,1,3
7,1,25,13,0,3
469,0,20,12,0,3
294,0,20,12,1,5
378,0,20,12,0,4
393,1,30,12,0,4
28,0,20,12,1,4
43,1,25,12,0,2
84,0,22,12,0,5
1282,1,23,13,1,2
749,0,18,12,0,2
35,0,21,10,0,4
98,0,24,13,1,3
266,0,26,13,0,2
434,0,21,9,1,6
350,0,31,16,0,3
42,0,22,12,1,5
77,0,19,12,1,2
21,0,23,13,1,3
1302,0,20,11,0,4
77,0,21,12,0,3
287,0,25,13,1,4
238,0,24,13,1,5
245,0,23,13,1,4
595,0,24,12,1,2
196,0,22,12,1,2
889,0,24,18,0,3
1382,1,24,11,0,6
350,0,22,12,0,3
217,0,27,16,0,2
42,0,24,11,1,5
530,1,21,12,1,4
140,0,21,12,0,4
84,0,25,16,1,3
434,0,19,12,0,2
245,0,19,11,1,2
1500,1,29,14,1,2
765,1,27,12,1,3
462,0,18,10,1,3
1486,1,22,16,1,4
1445,1,25,17,1,3
699,1,25,16,1,3
847,1,25,16,1,4
560,0,19,11,0,2
63,0,19,12,0,3
7,1,28,16,0,2
189,0,19,10,0,3
7,0,30,12,0,2
14,0,26,11,1,5
7,0,21,11,1,3
47,1,25,12,1,4
973,0,26,15,1,4
105,0,18,11,1,5
35,0,18,12,1,3
70,0,19,12,0,3
140,0,21,13,0,5
322,0,24,11,1,3
63,0,23,13,0,6
126,0,20,12,0,4
252,0,19,12,0,3
362,1,21,11,0,4
140,0,18,11,0,6
98,0,23,12,0,3
710,1,21,12,1,5
49,0,19,11,0,2
275,1,26,14,0,2
35,0,19,9,1,3
42,0,22,12,0,6
238,0,21,10,0,3
105,0,21,12,1,3
231,0,23,12,1,2
721,0,22,12,0,5
1050,0,20,12,1,4
42,0,21,12,1,3
539,0,18,12,1,3
727,1,21,11,1,3
91,0,25,13,0,6
84,0,30,19,1,3
42,0,19,12,1,4
63,0,21,12,1,3
292,1,23,10,1,6
1023,1,27,16,1,2
378,0,22,12,1,3
140,0,22,12,1,2
56,0,19,12,0,2
70,0,22,12,0,3
1239,0,22,12,0,3
182,0,24,12,1,3
21,0,19,12,1,2
189,0,29,15,1,3
343,0,31,12,0,2
357,0,27,13,0,3
182,0,21,12,0,4
1539,1,20,12,0,2
133,0,30,14,1,3
77,0,21,12,1,3
84,0,26,12,0,2
84,0,25,11,1,3
1099,1,21,12,1,3
266,0,20,12,1,3
217,0,24,15,1,4
1059,1,23,12,1,5
775,1,24,16,1,3
231,0,21,12,1,3
308,0,20,11,0,3
63,0,19,12,0,3
91,0,21,11,1,5
14,0,23,8,1,3
560,0,23,12,1,4
98,0,25,15,1,5
1288,0,31,17,0,2
168,0,21,12,0,2
727,1,20,11,1,4
322,0,17,10,0,2
441,0,20,12,0,4
168,0,21,12,1,4
7,0,22,13,1,3
14,0,23,12,1,4
35,0,23,12,1,5
210,0,25,14,0,3
686,0,24,16,1,3
7,0,22,10,0,4
563,1,24,14,1,5
144,1,23,11,0,2
21,0,22,12,0,3
210,0,29,12,0,4
1400,0,25,19,0,2
27,1,27,12,1,4
13,1,24,12,1,3
14,0,21,12,0,3
175,0,18,12,1,3
328,1,20,12,0,2
49,0,17,8,1,3
56,0,21,12,1,5
14,0,30,15,1,3
14,0,19,12,1,4
126,0,19,12,1,5
348,1,22,12,0,5
385,0,21,12,0,4
14,0,21,12,1,3
1286,1,23,10,0,2
49,0,19,9,1,4
186,1,22,10,1,3
49,0,20,12,1,3
98,0,20,12,0,5
259,0,20,12,0,4
472,1,20,12,0,6
33,1,30,17,1,2
7,0,18,10,1,2
460,1,21,12,0,4
1363,1,18,12,1,3
399,0,21,13,1,2
322,0,20,12,0,3
149,1,22,12,1,5
133,1,30,15,1,5
86,1,25,8,1,3
98,0,20,10,0,2
189,0,20,13,0,3
28,0,20,10,0,4
266,0,18,9,0,2
763,0,21,12,1,4
77,0,23,16,1,5
357,0,29,15,1,4
210,0,21,10,1,3
439,1,23,12,1,3
196,0,18,11,0,2
63,0,23,12,0,6
35,0,23,12,0,2
678,1,20,12,0,4
7,0,31,20,0,3
1170,1,21,12,1,4
63,0,23,13,0,6
21,0,17,9,0,2
11,1,23,10,1,3
252,0,26,12,1,5
63,0,29,12,0,2
260,1,22,12,1,4
42,0,18,11,1,3
1014,1,25,14,1,4
462,0,20,11,0,4
159,1,23,12,1,6
245,0,19,11,0,6
63,0,23,13,0,4
740,1,18,5,1,3
84,0,21,12,0,3
462,0,24,12,1,3
1215,1,23,16,1,3
448,0,22,12,0,3
38,1,19,8,1,3
7,0,23,16,1,5
975,1,20,12,0,4
28,0,22,12,1,6
378,0,18,8,1,2
1115,1,26,16,1,2
266,0,22,12,1,4
18,1,21,9,1,3
231,0,22,12,0,3
322,0,28,16,1,3
49,0,25,13,1,2
364,0,20,12,0,3
1177,1,18,10,0,3
698,1,20,12,0,2
70,0,30,18,0,3
49,0,19,8,1,4
280,0,23,16,1,2
105,0,20,11,0,6
385,0,25,16,1,4
21,0,22,12,0,6
35,0,21,11,0,4
196,0,24,17,0,3
14,0,27,14,0,2
252,0,25,16,1,3
371,0,22,11,0,6
546,0,20,12,1,3
49,0,22,14,1,3
77,0,21,9,1,4
56,0,22,12,0,3
140,0,22,12,1,5
45,1,23,10,0,2
42,0,21,10,1,2
85,1,20,8,0,4
378,1,21,12,0,4
203,0,22,12,1,3
436,1,28,15,1,4
1099,0,20,13,0,3
658,0,18,10,0,4
672,0,25,16,0,3
315,0,24,12,0,4
273,0,20,11,1,6
189,0,23,12,0,4
91,0,21,9,0,2
14,0,26,12,0,3
98,0,21,12,0,4
133,0,26,15,1,3
147,0,21,12,1,5
21,0,19,12,1,4
798,0,23,13,0,4
1157,1,19,12,1,4
891,1,20,12,1,4
28,0,24,11,0,4
56,0,21,11,0,6
112,0,23,8,1,5
126,0,20,13,1,6
63,0,20,11,0,6
56,0,21,10,1,3
1422,1,22,13,1,4
196,0,22,13,0,2
112,0,21,12,0,4
84,1,23,11,0,3
308,0,27,8,0,4
259,0,17,9,1,2
411,1,21,13,0,4
208,1,26,16,1,2
590,1,22,12,0,4
551,1,22,13,0,3
140,0,22,12,1,6
553,0,22,12,0,3
168,0,18,10,1,3
364,0,26,16,1,3
28,0,19,12,1,4
406,0,25,16,1,3
1191,1,24,16,1,2
357,0,24,12,1,4
133,0,34,12,1,5
1099,0,24,16,1,3
56,0,17,10,1,3
972,1,20,12,1,4
119,0,20,12,0,3
217,0,29,12,0,5
112,0,26,13,0,3
210,0,23,11,0,3
149,1,24,13,0,2
217,0,23,15,1,2
9,1,26,12,1,5
1086,1,26,17,1,2
84,0,22,12,1,4
1144,1,27,15,0,4
221,1,23,12,0,2
308,0,28,12,1,2
245,0,16,8,1,2
749,0,21,13,0,3
133,0,23,16,1,3
98,0,19,12,1,2
126,0,22,12,0,6
1123,1,28,20,1,2
47,1,24,12,0,6
744,1,20,10,1,3
35,0,21,12,1,3
371,0,17,8,0,2
54,1,24,15,0,2
35,0,22,11,0,3
49,0,20,11,1,3
485,1,23,12,0,3
198,1,22,12,1,6
490,0,19,12,1,4
14,0,19,12,1,3
63,0,22,12,1,4
77,0,21,14,0,2
858,1,19,12,1,3
322,0,24,13,0,3
518,0,23,10,0,2
147,0,20,12,0,3
56,0,18,9,0,3
331,1,25,14,1,2
397,1,21,12,1,5
322,0,20,10,1,4
644,0,28,13,1,3
7,0,22,10,0,6
1286,1,20,13,0,3
126,0,27,12,1,3
1138,1,20,12,0,3
91,0,18,8,0,2
119,0,21,10,1,6
818,1,22,13,0,4
203,0,21,12,0,5
1309,0,25,18,1,2
70,0,20,12,1,3
197,1,28,16,1,1
175,0,21,12,1,6
119,0,22,12,1,5
406,0,27,12,0,2
994,0,21,12,0,4
287,0,23,12,0,4
70,0,18,12,0,4
287,0,19,12,1,4
651,1,21,9,0,2
105,0,22,11,0,3
273,0,27,17,1,2
912,1,20,8,0,3
1322,1,19,10,1,3
763,0,22,15,1,2
63,0,27,11,0,3
714,0,31,18,1,2
7,0,28,13,0,2
434,0,21,12,0,2
65,1,22,12,1,5
14,0,22,12,1,6
245,0,24,16,1,3
21,0,20,12,1,2
115,1,22,12,1,4
556,1,21,12,0,4
1064,1,26,16,1,4
21,0,20,12,0,4
392,0,21,12,0,4
112,0,20,11,0,3
147,0,21,10,1,6
133,0,20,12,1,4
1041,1,21,12,0,4
1184,1,26,17,0,2
4,1,25,12,0,2
1393,1,24,16,1,3
1228,1,20,12,1,6
170,1,24,14,1,3
18,1,22,12,1,3
731,1,26,13,0,2
19,1,22,11,0,2
112,0,18,12,1,3
42,0,21,12,1,6
14,0,28,11,0,3
720,1,22,13,0,3
126,0,19,12,1,4
49,0,21,12,1,4
53,1,22,12,0,5
322,0,27,12,1,2
28,0,18,11,0,4
21,0,21,12,1,6
112,0,24,11,0,3
119,0,25,16,1,3
482,1,22,12,0,3
1306,1,21,12,0,2
28,0,21,13,1,6
77,0,20,12,0,5
133,0,19,12,1,3
180,1,25,12,0,4
516,1,27,14,0,4
91,0,19,8,0,3
35,0,23,12,0,4
1283,1,24,16,1,6
168,0,20,12,0,2
280,0,24,13,1,4
349,1,23,12,0,3
266,0,30,14,1,3
7,0,20,12,1,6
7,0,21,12,1,2
322,0,20,12,1,6
56,0,21,13,1,2
371,0,21,12,1,5
8,1,22,12,0,4
154,0,23,13,1,6
1379,0,27,18,1,3
42,0,19,12,0,4
14,0,19,9,1,3
105,0,20,11,0,3
357,0,21,13,0,3
700,0,22,12,1,5
21,0,20,12,1,4
66,1,23,11,1,4
1363,1,16,9,0,4
9,1,23,12,1,2
178,1,30,12,1,3
140,0,23,12,0,2
91,0,31,15,1,3
1377,1,20,12,0,3
12,1,27,16,0,2
1152,1,26,18,1,2
1322,1,21,13,0,3
119,0,24,12,1,3
182,0,19,12,1,2
177,1,27,12,1,3
7,0,21,12,1,4
336,0,22,12,0,2
463,1,26,16,1,2
35,0,27,14,1,4
7,0,20,12,0,4
1109,1,22,14,0,3
161,0,20,9,0,2
378,0,19,9,0,4
35,0,17,9,0,4
56,0,19,12,0,2
273,0,18,9,0,3
317,1,26,16,1,2
1424,1,25,15,0,2
714,0,21,13,0,3
42,0,22,12,0,3
280,0,22,12,1,5
714,0,24,14,0,3
273,0,18,9,0,3
1544,1,26,19,1,4
42,0,21,11,0,6
14,0,22,12,1,4
1048,1,21,13,1,4
772,1,21,12,1,6
523,1,22,12,0,3
70,0,30,12,1,3
105,1,23,12,1,3
644,0,21,12,1,3
56,0,27,12,1,2
397,1,27,12,0,4
161,0,27,12,1,3
231,0,22,12,0,5
168,0,27,12,1,3
91,0,23,10,1,3
308,0,20,12,0,6
679,0,19,12,0,2
483,0,22,12,1,3
14,0,25,11,1,2
147,0,20,12,0,2
898,1,21,12,0,5
7,0,29,12,0,2
203,0,25,14,1,2
1477,0,23,16,1,3
609,0,19,12,1,3
98,0,19,12,0,3
350,1,25,12,1,3
196,0,23,12,0,3
217,0,20,11,1,2
1006,1,25,16,1,2
154,0,26,13,1,3
35,0,29,12,1,3
203,0,21,14,1,3
371,0,20,12,0,2
308,0,19,8,1,3
168,0,22,13,0,4
210,0,21,12,1,3
494,1,22,12,0,3
77,0,22,12,1,5
280,1,27,14,1,2
280,0,24,15,0,2
1314,1,27,12,1,3
703,1,26,15,0,2
467,1,21,12,0,3
876,1,20,10,0,3
35,0,23,12,1,5
7,0,20,12,1,4
971,1,18,9,0,4
588,1,21,12,1,4
105,0,21,12,1,2
112,0,23,12,0,3
21,0,18,11,1,1
140,0,26,12,0,3
301,0,19,10,1,2
77,0,19,12,1,5
35,0,19,12,0,3
93,1,22,12,0,2
98,0,23,12,1,2
497,0,19,12,0,5
49,0,23,12,0,2
7,1,24,12,1,2
21,0,18,11,1,3
575,1,21,12,1,4
126,0,26,14,0,3
133,0,19,12,0,2
1186,1,31,15,1,3
408,1,24,13,0,2
28,0,24,13,1,6
584,1,24,13,1,2
35,0,22,9,0,6
79,1,23,12,1,2
133,0,21,9,0,6
77,0,20,13,0,5
7,0,27,12,0,3
68,1,22,12,1,3
63,0,21,11,1,3
63,0,25,12,0,5
7,0,21,10,0,5
167,1,23,12,1,5
1303,1,17,9,1,3
98,0,20,12,1,3
140,0,21,12,1,6
56,0,20,11,0,3
259,0,31,16,0,3
56,0,21,10,0,3
574,0,21,12,1,4
728,1,24,15,1,2
28,0,19,11,0,6
287,1,20,11,0,3
21,0,21,12,1,4
1050,0,21,12,0,4
399,0,29,13,0,2
7,0,20,11,1,4
91,0,21,12,1,3
189,0,19,12,1,5
483,0,25,15,0,3
133,0,18,12,1,2
133,0,23,12,0,2
1371,1,21,13,1,4
548,1,24,12,1,3
28,0,18,12,1,4
87,1,22,12,0,3
784,1,21,12,0,5
29,1,23,12,0,3
21,0,19,8,1,5
329,0,20,11,1,3
441,0,19,12,0,1
189,0,19,11,1,4
392,0,23,12,0,3
844,1,21,13,0,3
84,0,21,12,0,4
175,0,17,10,0,4
175,0,18,11,0,2
639,1,20,12,1,6
1320,1,24,13,1,2
133,0,18,12,1,2
56,0,20,10,1,3
441,0,21,12,1,4
70,0,24,16,1,3
21,0,29,13,1,3
343,0,26,12,1,3
28,0,18,9,1,3
49,0,22,12,0,2
64,1,22,12,1,2
1288,1,25,16,1,3
7,0,19,11,0,4
119,0,20,12,1,6
840,0,23,14,1,6
168,0,20,12,1,4
56,0,20,8,0,4
56,0,17,8,1,2
518,0,20,8,0,3
49,1,28,16,1,3
315,0,21,12,0,5
196,0,26,16,1,3
588,0,20,12,0,6
114,1,25,12,1,2
28,0,26,12,1,3
329,0,21,11,0,3
735,0,23,14,1,3
364,1,22,12,1,4
231,0,19,12,1,3
21,0,24,12,0,3
14,0,20,11,1,2
409,1,22,12,0,4
210,0,23,12,0,2
154,0,21,12,1,2
161,0,21,10,0,6
56,0,20,12,1,4
56,0,21,10,0,3
201,1,26,15,1,4
1127,0,23,11,0,2
253,1,21,12,0,6
112,0,20,12,1,3
196,0,21,12,0,3
722,1,22,12,0,5
49,0,26,12,0,2
154,0,27,8,0,5
91,0,21,12,0,5
21,0,26,12,0,2
21,0,25,12,0,3
140,0,19,11,0,5
49,0,33,11,0,3
56,0,20,12,1,4
475,1,21,12,1,4
302,1,24,13,0,4
42,0,21,12,1,4
161,0,24,12,0,3
42,0,19,12,1,4
672,0,24,14,1,3
252,0,23,14,0,2
70,0,22,12,1,3
51,1,26,12,0,3
42,0,19,12,0,3
829,1,20,12,1,4
322,0,20,12,1,2
54,1,21,11,0,3
338,1,22,12,0,3
315,0,18,11,0,2
182,0,21,12,0,3
35,0,20,12,1,3
319,1,31,16,0,1
397,1,19,8,0,4
847,0,19,11,1,3
714,0,21,12,0,3
189,0,21,11,0,3
838,1,20,12,0,3
557,1,31,13,1,2
35,0,19,12,1,4
325,1,19,9,0,4
1109,1,18,9,0,3
238,0,23,12,1,5
290,1,22,12,1,4
273,0,22,14,1,4
1061,1,21,12,0,4
7,0,20,12,1,4
867,1,19,9,1,4
479,1,24,12,0,3
49,0,21,12,0,3
1220,1,21,11,0,1
189,0,21,9,1,3
553,1,18,8,0,3
238,0,23,14,1,6
7,0,26,11,1,6
1022,0,20,9,0,6
168,1,23,12,0,2
42,0,25,13,1,4
7,0,24,14,0,6
308,0,20,12,1,2
653,1,23,16,0,2
147,0,19,12,0,3
189,0,21,10,0,3
273,0,21,12,0,3
84,0,20,12,0,2
7,0,25,15,1,2
179,1,23,12,1,5
56,0,20,11,0,4
70,0,30,15,1,2
1029,0,28,17,0,3
75,1,23,12,1,5
105,0,23,14,0,3
743,1,20,10,1,4
112,0,22,12,0,6
833,0,29,12,0,2
49,0,20,8,1,2
56,0,28,14,1,4
109,1,30,12,0,4
91,0,19,10,1,5
21,0,19,12,0,3
616,0,24,16,0,3
126,0,20,11,0,2
28,0,23,11,0,4
49,0,20,12,0,5
777,0,27,14,1,2
70,1,24,14,1,2
49,0,18,10,1,4
427,0,20,12,0,2
245,0,16,10,1,3
1121,1,19,12,1,4
181,1,23,13,1,2
152,1,26,16,0,4
49,0,22,12,0,3
190,1,27,14,0,3
1041,1,24,14,0,2
221,1,26,12,1,2
287,0,19,10,1,3
481,1,20,12,1,6
154,0,21,12,1,5
224,0,18,10,1,2
112,0,20,12,0,3
21,0,18,10,0,2
21,0,31,20,0,3
496,1,29,9,0,1
196,0,24,12,0,3
441,0,24,12,0,2
70,0,22,14,1,3
243,1,21,12,1,3
7,0,20,9,0,2
812,0,22,10,1,3
182,0,19,12,0,3
441,0,20,10,0,4
173,1,26,13,1,4
90,1,21,10,1,4
3,1,23,10,0,4
266,0,22,10,0,4
112,0,18,11,0,3
63,0,20,12,1,2
12,1,22,11,1,3
42,0,23,12,1,3
70,0,28,14,1,3
357,0,22,12,0,6
392,0,19,11,0,5
280,0,19,10,1,3
15,1,23,12,1,3
31,1,23,12,1,3
441,0,26,15,0,3
490,0,24,16,1,2
287,0,24,13,1,3
25,1,23,12,0,2
7,0,25,13,0,4
75,1,23,11,1,3
273,0,22,13,1,4
63,0,18,10,0,3
77,1,25,13,1,3
463,1,22,12,1,5
175,0,20,12,0,3
7,0,21,11,0,4
480,1,26,14,1,4
39,1,22,12,1,5
224,0,19,12,1,3
63,0,21,11,0,6
35,0,21,12,0,4
165,1,25,12,0,3
371,0,19,12,1,4
189,0,22,12,0,5
7,0,18,8,1,3
1429,1,23,13,1,3
280,0,18,9,0,3
1353,1,20,11,0,2
1449,1,22,10,0,3
91,0,26,16,1,3
119,0,18,9,1,2
959,0,20,12,1,3
14,0,18,9,0,4
161,0,19,12,0,4
866,1,23,12,1,3
217,0,23,15,0,2
1036,0,19,12,1,3
84,0,20,9,1,3
119,0,22,12,1,5
98,0,20,12,0,3
309,1,26,16,1,2
105,0,28,14,1,3
119,0,22,12,0,3
21,0,20,10,0,4
63,1,23,12,0,2
368,1,21,12,1,2
7,0,27,12,1,3
304,1,19,9,1,3
49,0,32,16,1,1
99,1,29,12,1,2
973,0,19,12,1,5
245,0,21,11,1,4
1335,1,20,13,0,3
28,0,22,12,0,3
252,0,23,12,0,2
70,0,21,12,0,3
35,0,21,10,1,2
203,0,21,12,0,3
53,1,22,10,0,4
147,0,21,10,0,2
1481,1,24,12,1,2
49,0,17,10,0,3
583,1,22,11,0,5
1071,0,21,12,1,3
189,0,20,12,1,6
42,0,21,12,1,5
75,1,22,12,1,5
1256,1,18,12,1,5
77,0,20,12,0,4
7,0,19,12,1,5
11,1,25,14,1,5
140,0,20,12,0,5
210,0,23,16,1,4
189,0,28,9,0,3
7,0,19,12,0,5
700,0,20,11,1,3
7,0,21,12,0,4
462,0,20,10,0,4
835,1,23,12,1,4
854,0,26,15,1,5
14,0,26,12,0,3
308,0,18,8,1,3
63,0,21,9,0,4
98,0,27,13,0,2
224,0,23,12,0,3
341,1,25,12,0,2
119,0,25,12,0,3
70,0,21,11,1,3
266,0,25,16,0,3
7,0,22,12,1,3
329,0,28,12,0,3
1078,1,20,13,0,3
1,1,25,12,1,2
543,1,20,9,0,4
448,0,18,10,1,2
42,0,23,15,0,2
217,0,19,12,1,4
70,0,20,12,1,4
21,0,21,9,1,6
154,0,22,12,1,4
1110,1,19,11,0,6
42,0,18,11,0,2
170,1,26,16,1,3
28,0,20,12,0,6
63,0,21,12,0,3
84,0,21,11,0,6
42,0,19,10,1,3
944,1,22,12,1,2
9,1,26,6,0,3
150,1,21,12,0,2
217,0,31,15,1,2
126,0,18,9,1,2
308,0,22,12,1,4
287,0,21,12,0,3
218,1,22,12,1,5
721,0,21,13,1,4
217,0,20,11,0,3
49,1,23,11,1,4
196,0,21,10,0,3
273,0,31,14,1,3
28,0,20,12,0,6
168,0,18,11,1,2
98,0,20,12,1,5
126,0,21,12,1,6
98,0,24,12,0,3
392,0,18,9,0,5
912,1,23,14,1,4
798,0,19,11,1,4
154,0,29,13,1,3
96,1,22,10,0,6
378,0,24,11,0,2
910,0,24,12,1,5
1211,0,22,16,1,4
105,0,19,12,1,3
105,0,20,12,1,3
154,0,17,12,1,4
301,0,17,8,1,3
35,0,19,10,0,3
511,0,27,19,1,3
294,0,18,12,1,2
105,0,20,12,1,5
357,0,20,12,0,4
46,1,23,12,1,5
91,0,27,16,1,3
35,0,20,10,0,4
49,0,20,8,0,4
84,0,22,14,1,6
70,0,21,12,1,6
637,0,21,11,0,3
224,0,25,16,1,3
77,0,25,16,1,4
613,1,21,12,1,4
28,0,19,9,1,3
779,1,22,14,1,2
1290,1,24,16,1,3
196,0,24,12,0,2
399,0,23,12,0,3
920,1,21,12,1,3
42,0,22,12,1,6
42,0,22,12,1,5
35,0,18,10,1,2
1311,1,24,16,1,5
7,0,17,10,0,2
224,0,30,17,1,3
574,1,25,12,0,3
343,0,24,16,1,3
1162,0,24,16,0,2
560,0,23,12,1,5
357,0,22,12,0,2
1,1,23,13,1,4
35,0,20,12,0,5
182,0,21,12,0,5
189,0,18,9,1,3
147,0,20,13,1,2
214,1,25,12,1,5
133,1,22,12,0,3
1078,0,21,12,0,4
119,0,22,12,1,3
1408,1,26,10,0,2
7,0,21,12,0,3
399,0,22,13,0,5
140,0,20,11,1,4
28,0,20,14,1,3
53,1,20,12,0,3
189,0,18,8,1,3
98,0,19,12,0,5
45,1,21,9,1,3
290,1,24,12,0,3
49,0,30,18,1,3
112,0,18,10,0,3
28,0,23,13,0,3
1212,1,22,14,0,2
196,0,23,14,1,3
133,0,18,8,1,2
98,0,19,8,0,4
21,0,19,9,0,6
1064,1,19,12,0,2
21,0,19,11,0,3
884,1,18,10,1,3
35,0,19,12,1,4
77,0,20,11,0,4
175,0,23,12,0,3
161,0,25,12,0,3
490,0,29,16,1,4
546,0,20,12,0,5
55,1,31,16,1,3
98,0,22,8,1,5
147,0,22,11,0,4
14,0,22,12,0,5
99,1,26,15,0,3
98,0,19,11,1,1
112,0,18,11,1,1
484,1,21,12,0,3
763,0,16,7,0,3
20,1,29,13,1,5
357,0,26,12,1,4
35,0,22,11,0,4
178,1,23,12,0,5
119,0,24,12,0,3
47,1,21,9,1,4
89,1,22,11,1,3
63,0,25,14,0,4
299,1,26,15,0,2
42,0,21,14,1,3
70,0,19,10,1,3
119,0,22,12,1,4
1323,0,26,18,1,2
603,1,21,12,1,2
229,1,28,14,1,1
1338,1,19,12,0,1
420,0,25,16,1,2
1099,0,21,12,1,4
126,0,20,12,1,6
993,1,21,12,0,3
231,0,19,8,1,2
140,0,22,11,0,3
399,0,26,19,1,2
42,0,19,11,0,2
63,0,26,12,0,2
336,0,23,12,1,3
301,0,23,12,0,4
280,0,23,12,1,5
616,0,28,15,0,3
154,0,22,12,1,6
364,0,18,9,1,4
126,0,24,12,1,6
203,0,25,15,0,3
126,0,17,8,1,2
21,0,19,12,1,3
399,0,20,12,1,3
49,0,33,12,1,2
91,0,18,9,1,2
21,0,19,12,1,2
379,1,21,12,1,3
84,0,26,12,1,2
98,0,26,12,0,2
196,0,18,11,0,5
7,0,19,8,1,5
159,1,20,10,0,3
28,0,28,18,0,2
372,1,25,12,0,2
63,0,20,12,0,2
903,0,19,12,0,2
98,0,20,11,1,3
140,0,23,13,1,2
492,1,27,11,1,4
266,0,21,12,1,3
42,0,21,12,1,2
10,1,23,12,1,6
18,1,21,12,0,5
14,0,20,12,0,6
89,1,22,10,1,5
343,0,18,9,0,3
721,0,25,14,1,2
387,1,29,16,1,2
284,1,26,16,1,2
294,0,27,12,0,2
49,0,18,9,0,2
63,0,24,15,0,2
33,1,22,9,0,3
66,1,23,12,1,4
977,1,31,16,1,1
1122,1,19,12,1,6
14,0,22,12,1,4
49,0,22,12,1,4
84,0,21,12,0,5
42,0,22,11,0,4
614,1,21,11,0,3
133,0,24,12,0,3
14,0,22,12,1,2
338,1,27,12,0,2
154,0,25,12,0,3
14,0,20,12,1,6
168,0,29,14,1,2
390,1,22,12,1,4
105,0,20,10,1,4
634,1,32,18,0,2
112,0,21,12,1,2
1036,0,22,10,0,2
14,0,19,12,0,2
336,0,24,11,1,5
28,0,25,16,1,2
84,0,20,11,0,6
35,0,29,13,0,3
858,1,20,12,1,4
336,1,23,12,1,4
14,0,18,11,0,3
785,1,21,12,1,4
14,0,26,12,0,4
276,1,22,12,1,5
79,1,27,16,1,2
224,0,21,12,1,3
747,1,29,16,0,2
107,1,29,13,1,2
301,0,22,12,1,3
149,1,23,13,0,4
84,0,18,10,0,2
70,0,20,12,0,4
84,0,22,11,1,5
273,0,21,12,1,5
56,0,21,12,0,2
203,0,20,11,1,3
42,1,22,12,1,6
837,1,28,12,1,4
14,0,25,13,1,3
91,0,20,12,0,6
1193,1,27,18,1,2
459,1,25,14,1,4
91,0,21,9,0,4
40,1,29,12,1,4
21,0,31,15,1,3
28,0,21,10,1,2
98,0,25,16,1,2
147,0,20,11,0,5
476,0,20,12,1,4
184,1,20,10,0,3
70,0,17,11,0,3
60,1,23,12,0,6
497,0,20,11,1,6
342,1,30,14,0,3
1199,1,19,12,1,3
70,0,25,17,0,2
837,1,20,11,0,4
70,0,20,12,1,6
294,0,21,12,0,4
21,0,28,13,0,2
619,1,21,12,0,3
7,0,21,12,1,4
7,0,19,10,1,2
1085,0,23,16,1,6
49,0,22,12,1,3
245,0,23,12,1,4
63,0,19,10,1,2
49,0,20,12,1,2
168,0,22,12,0,3
563,1,25,11,1,6
189,0,19,11,1,3
84,0,26,12,1,4
705,1,20,11,0,2
461,1,21,12,1,4
49,0,19,12,1,3
189,0,25,14,0,5
56,0,19,12,1,5
462,0,19,9,1,6
70,0,21,12,0,3
217,0,22,12,0,3
70,0,24,16,1,3
35,0,20,11,0,4
1289,1,24,16,1,2
784,0,29,13,1,3
112,0,18,9,0,2
588,0,22,12,1,6
61,1,22,12,1,3
35,0,22,12,1,3
196,0,21,12,1,6
77,0,20,10,1,6
414,1,20,10,1,6
904,1,19,12,1,3
1400,1,26,19,1,4
175,0,31,13,1,2
70,0,24,15,1,5
49,0,25,13,0,3
35,0,20,12,0,3
140,0,23,13,0,6
84,0,30,20,0,3
378,0,22,11,0,4
203,0,22,12,1,4
194,1,22,12,1,2
441,0,23,14,1,4
91,0,18,11,0,3
161,0,22,14,1,4
553,0,21,11,0,2
189,0,25,18,1,3
219,1,23,12,0,3
1096,1,24,13,1,2
574,0,22,15,0,4
275,1,32,14,1,3
77,0,18,12,1,3
880,1,21,12,1,3
17,1,22,12,1,6
7,0,19,8,1,4
56,0,18,10,1,3
98,0,24,12,0,2
105,0,20,12,1,3
7,1,22,12,0,4
182,0,24,12,0,3
294,0,20,13,1,3
974,1,20,12,1,6
1274,0,25,15,0,2
63,0,29,12,0,2
63,0,28,13,1,3
899,1,18,12,1,3
1332,1,22,12,0,2
434,0,21,12,1,5
75,1,20,8,1,2
84,0,20,12,1,2
77,0,21,10,1,4
126,0,23,12,1,3
182,0,20,12,0,2
364,0,19,12,1,2
119,0,20,12,1,2
126,0,20,9,1,4
562,1,22,12,1,3
70,0,19,9,1,2
273,0,22,12,1,2
1065,1,20,12,1,3
118,1,22,10,1,4
56,0,18,12,0,4
77,0,23,12,0,4
1237,1,19,10,0,3
308,0,27,14,0,3
77,0,22,11,0,4
231,0,19,12,1,5
133,0,28,11,1,2
140,0,19,10,0,3
91,0,21,12,1,3
56,0,22,12,0,5
891,1,21,12,1,3
42,0,23,12,1,4
553,1,21,12,0,3
118,1,22,10,0,3
63,0,22,13,1,5
544,1,24,13,0,2
399,0,27,15,1,3
42,0,21,12,1,4
156,1,22,12,0,4
841,1,30,16,1,2
7,0,18,11,0,5
210,0,21,13,0,3
154,0,26,12,0,2
168,0,21,12,0,4
680,1,27,14,1,2
161,0,18,11,1,3
777,0,20,12,0,4
191,1,24,13,1,1
77,0,29,13,0,2
28,0,17,10,1,4
265,1,23,12,1,3
84,0,16,9,1,3
196,0,27,12,0,2
343,0,22,16,1,3
189,0,20,12,1,2
1260,1,26,14,0,3
290,1,22,12,1,6
190,1,22,12,0,3
168,0,20,12,1,3
35,0,21,12,1,3
154,0,26,12,1,3
462,0,19,10,1,2
182,0,19,12,1,2
350,0,20,10,1,4
315,0,29,12,1,2
196,0,21,9,0,5
112,0,21,12,0,4
126,0,22,12,1,3
133,0,21,12,0,3
343,1,21,12,1,5
388,1,24,14,0,2
77,0,21,14,0,2
177,1,24,12,1,4
63,0,19,12,1,4
672,0,27,12,1,2
154,0,19,10,0,4
27,1,22,12,1,4
23,1,24,12,1,3
70,0,26,11,1,3
203,0,23,11,0,5
70,0,24,13,1,5
385,0,21,12,0,3
63,0,20,10,1,6
119,0,23,12,1,4
462,0,20,12,1,2
273,0,28,20,1,2
30,1,22,11,1,4
70,0,20,11,0,4
112,0,24,16,1,4
1024,1,20,12,1,4
91,0,19,11,0,4
1220,1,27,12,0,3
63,0,26,12,1,2
1041,1,24,13,0,3
696,1,20,12,1,6
301,0,26,16,1,3
70,0,23,12,0,4
224,0,21,12,0,4
1118,1,19,11,0,4
49,0,21,11,0,5
982,1,26,16,1,2
145,1,24,12,0,3
21,0,20,12,1,4
63,0,18,8,1,3
490,0,20,12,1,6
224,0,28,14,0,2
175,0,30,13,1,3
49,0,19,12,0,3
742,0,24,16,0,2
98,0,19,9,0,3
133,0,18,12,0,4
1384,1,18,12,1,3
77,0,24,13,1,6
660,1,19,11,0,2
301,0,23,12,0,5
385,0,18,10,1,3
159,1,29,13,0,2
84,0,22,12,0,3
63,0,19,9,0,3
364,0,21,12,1,6
322,0,18,7,0,4
21,0,25,17,0,2
98,0,27,10,0,1
572,1,28,16,0,2
77,0,19,10,1,4
126,0,20,12,0,5
451,1,25,16,1,2
203,0,19,13,0,3
1277,1,29,13,0,4
91,0,22,11,0,3
784,0,27,13,0,3
848,1,23,14,0,5
13,1,23,11,0,3
175,0,28,12,0,2
441,0,18,12,1,4
455,0,26,15,0,3
385,0,22,12,0,3
112,0,22,13,1,5
28,0,25,14,0,4
469,0,23,12,1,4
175,0,21,12,0,5
224,0,22,16,0,3
385,1,22,12,0,4
212,1,30,16,1,2
77,0,19,12,1,5
35,0,20,10,0,2
168,0,27,16,1,3
70,0,18,8,1,3
14,0,30,14,1,3
42,0,18,11,0,3
49,0,20,12,1,4
854,0,23,15,0,3
217,0,28,13,0,2
658,1,22,12,0,4
99,1,22,11,1,2
49,0,18,12,0,2
385,0,22,12,0,3
35,0,20,12,0,4
70,0,20,12,1,6
77,0,21,12,0,4
185,1,27,15,0,3
91,0,20,11,0,3
7,0,19,12,0,3
7,0,19,12,1,6
119,0,27,13,1,3
140,0,22,12,0,4
98,0,25,16,1,3
49,0,22,9,0,4
329,0,19,11,1,3
430,1,22,12,1,4
147,0,23,12,1,3
175,0,20,13,0,2
204,1,21,12,0,3
21,0,22,12,1,3
32,1,25,13,0,3
273,0,18,10,0,4
56,0,21,12,0,3
588,0,26,14,0,2
1060,1,24,12,0,3
98,0,21,8,0,3
21,0,26,13,1,3
238,0,19,11,1,3
161,0,23,12,1,3
77,0,21,12,1,6
398,1,29,12,1,2
434,1,26,12,0,3
413,1,25,16,1,2
7,0,23,13,1,4
343,0,20,12,0,6
105,0,19,11,0,3
49,0,19,7,0,3
141,1,22,9,0,3
1127,1,25,13,0,3
245,0,19,9,1,3
350,0,22,12,0,2
270,1,30,14,1,2
763,0,24,11,1,4
469,0,23,12,1,5
63,0,24,13,0,4
42,0,19,12,1,2
189,0,19,10,0,4
455,0,23,12,1,5
133,0,19,12,1,3
161,0,22,12,0,5
28,0,21,12,0,2
14,0,19,12,1,6
175,0,22,9,0,3
210,0,22,13,0,3
408,1,24,13,1,4
266,0,23,13,0,3
994,0,25,18,1,2
301,0,29,14,1,3
21,0,24,13,1,2
163,1,31,11,0,3
1219,1,20,14,1,3
77,0,20,12,1,3
406,0,24,12,1,2
77,0,19,12,1,5
672,0,20,11,1,6
21,0,20,12,0,6
49,0,18,9,0,2
406,0,23,14,0,2
245,0,25,13,0,3
49,0,27,12,0,3
322,0,19,10,0,2
203,0,21,12,1,3
7,0,24,12,0,4
851,1,23,12,0,3
126,0,21,12,1,3
42,0,23,14,1,3
91,0,19,12,1,3
217,1,26,16,1,3
343,0,24,16,1,4
65,1,22,12,1,3
42,0,21,10,1,4
493,1,23,12,1,3
378,0,26,14,0,2
7,0,18,8,0,2
371,0,19,12,0,3
351,1,27,12,1,1
574,0,25,16,1,4
84,0,19,12,0,3
728,0,25,15,0,2
14,0,21,12,1,5
126,0,30,12,0,3
147,0,20,12,0,3
7,0,29,18,1,3
21,0,20,8,1,5
637,0,26,13,0,2
105,0,19,12,0,2
483,0,23,11,0,3
743,1,21,12,1,3
775,1,24,12,0,3
35,0,26,13,1,6
907,1,22,12,0,2
835,1,22,12,1,3
112,0,20,12,1,3
42,0,22,11,0,6
112,0,28,12,1,2
14,0,28,12,1,2
21,0,20,13,1,3
1093,1,24,12,0,2
56,0,19,8,1,4
322,0,20,12,1,4
231,0,16,8,0,2
503,1,24,13,0,4
175,0,26,13,0,4
775,1,23,13,0,3
1365,0,25,15,1,6
7,0,19,8,1,3
56,1,24,12,0,2
399,0,21,12,1,6
42,0,33,12,0,3
798,0,19,12,1,3
119,0,23,13,1,4
294,0,21,12,1,4
1465,1,19,10,0,4
1060,1,19,12,1,3
168,0,24,16,1,1
1016,1,20,12,1,2
336,0,19,10,1,6
43,1,24,12,0,3
98,0,27,13,1,4
378,0,19,12,0,3
91,0,22,12,0,6
14,0,22,11,1,4
49,0,23,13,0,3
1,1,27,16,1,1
35,0,20,8,1,4
126,0,22,13,1,3
182,0,18,12,1,3
136,1,26,13,0,3
42,0,25,16,1,2
154,0,22,12,1,2
161,0,18,9,0,6
161,0,24,14,1,2
35,0,20,9,0,5
511,0,25,16,0,3
595,0,24,16,1,4
1414,0,25,19,0,2
1414,1,19,12,0,4
14,0,22,13,1,2
161,0,22,12,1,2
174,1,22,12,0,4
77,0,17,7,0,2
112,0,27,14,0,3
35,0,21,12,1,3
14,0,16,8,1,3
196,0,20,11,0,5
61,1,22,11,0,4
444,1,26,11,1,4
278,1,21,12,0,3
1159,1,22,8,0,3
434,0,20,12,0,3
1015,0,18,9,1,3
518,0,27,18,1,3
98,0,21,9,0,2
735,0,21,12,1,3
208,1,23,11,1,3
119,0,20,12,1,3
665,0,29,12,0,2
196,0,21,12,1,4
56,0,20,12,0,3
42,0,29,13,0,3
364,0,21,12,1,3
385,0,19,10,1,4
56,0,25,15,1,5
98,0,23,14,1,3
49,0,23,12,0,2
35,0,24,12,0,3
119,0,21,11,1,4
63,0,20,9,0,4
707,0,21,12,1,4
245,0,22,13,0,2
749,1,27,14,1,6
458,1,23,12,0,3
294,0,20,12,0,4
343,0,18,12,1,2
657,1,32,16,0,2
112,0,26,12,0,3
1022,0,24,16,1,5
226,1,23,12,1,3
1428,0,22,13,0,4
719,1,33,12,0,2
28,0,20,11,1,5
39,1,25,12,0,3
6,1,25,10,0,3
14,0,20,8,0,2
49,0,19,12,1,3
478,1,28,13,0,3
147,0,25,16,0,2
168,0,21,11,0,4
140,0,17,9,0,3
1067,1,20,12,1,4
153,1,29,8,1,2
91,0,18,12,1,5
1001,1,22,13,0,3
501,1,28,12,0,2
77,0,21,11,0,4
98,0,17,9,1,2
1386,1,20,12,0,3
42,0,30,12,1,3
42,0,21,12,0,3
35,0,19,11,1,2
266,0,20,12,0,5
77,0,23,12,1,3
168,0,22,13,0,4
287,0,19,9,0,3
742,0,18,11,0,5
336,0,24,12,1,5
364,0,19,11,1,4
1171,1,19,12,1,3
98,0,23,16,1,4
756,1,23,13,1,3
77,0,30,15,1,2
117,1,27,12,0,2
154,0,19,9,0,3
1380,1,22,12,0,4
21,0,16,10,0,4
295,1,24,12,1,2
329,0,26,17,1,5
77,0,19,12,1,4
49,0,20,12,1,3
925,1,20,10,1,3
7,0,30,15,1,3
9,1,24,11,0,4
236,1,21,12,0,3
497,0,25,12,0,5
7,0,26,9,0,2
901,1,23,14,0,4
133,0,23,12,0,3
49,0,21,11,0,4
42,0,22,11,0,4
357,0,25,12,0,4
49,0,20,11,0,6
70,0,22,12,0,2
866,1,24,14,0,3
689,1,19,10,0,3
21,0,20,12,0,2
252,1,24,12,0,2
42,0,20,12,1,2
8,1,21,12,0,4
352,1,20,12,1,5
140,0,19,11,0,6
1339,1,23,16,1,3
191,1,25,12,1,3
98,0,18,9,0,3
35,0,23,11,0,4
581,0,21,12,0,3
56,0,20,12,1,3
12,1,21,11,0,3
70,0,21,12,0,2
252,0,28,14,1,3
70,0,30,12,0,4
544,1,27,14,0,2
91,0,22,12,0,2
35,0,30,15,1,3
399,0,32,18,1,2
224,0,21,12,1,3
421,1,23,14,1,3
119,0,25,13,0,4
124,1,23,12,0,6
350,0,20,12,1,4
910,0,23,16,1,3
77,0,29,12,1,2
189,0,21,11,1,2
1179,1,23,14,1,6
770,0,22,13,0,4
273,0,20,13,0,3
98,0,25,16,1,3
95,1,21,10,0,3
852,1,23,15,0,4
542,1,26,15,1,4
161,0,20,11,1,3
7,0,17,9,1,4
171,1,33,14,0,3
334,1,21,11,0,2
1155,1,22,14,1,3
7,0,29,13,1,3
307,1,29,16,0,2
70,0,20,11,0,3
252,0,24,12,0,3
322,0,28,10,1,4
154,0,20,12,1,6
1533,1,23,16,1,4
700,1,23,13,1,3
56,0,21,11,0,6
322,0,25,12,1,3
245,0,21,9,0,2
308,0,26,13,1,4
21,0,26,13,1,4
168,0,24,14,0,4
35,0,20,9,0,6
4,1,24,12,1,2
175,0,19,8,1,3
14,0,24,11,1,2
140,0,32,17,1,3
588,0,27,19,1,4
684,1,19,8,0,2
161,0,22,14,1,3
21,0,20,12,1,4
77,0,21,11,1,4
98,0,28,12,0,2
21,0,22,12,1,4
175,0,21,13,1,3
203,0,22,12,1,4
14,0,18,8,0,2
567,0,27,12,0,3
112,0,20,10,0,3
21,0,20,12,1,5
593,1,29,12,1,3
882,0,19,11,1,4
70,0,20,12,1,4
168,0,24,12,0,3
119,0,27,16,1,2
63,0,19,12,1,3
35,0,18,12,1,4
21,0,21,11,0,3
1078,0,19,11,0,3
140,0,21,12,1,3
301,0,22,12,1,4
63,0,23,12,0,4
105,0,23,12,1,4
742,0,21,11,1,4
175,0,20,12,0,2
70,0,19,12,0,6
343,0,27,13,1,3
261,1,25,11,0,2
546,0,28,13,1,3
77,0,20,12,1,6
431,1,27,18,1,3
12,1,28,12,1,2
439,1,21,9,0,2
21,0,19,12,0,4
24,1,22,10,0,4
287,0,21,12,0,3
84,0,18,11,1,3
7,0,24,12,0,2
42,0,17,10,0,2
1172,1,18,11,0,3
56,0,29,18,1,3
892,1,19,9,1,3
42,0,20,12,1,4
154,0,20,12,1,6
14,0,27,13,1,2
70,0,27,8,1,2
42,0,25,14,0,4
140,0,21,11,0,6
21,0,21,12,0,3
168,0,24,12,0,2
196,0,20,12,0,3
64,1,31,20,0,3
238,0,23,14,0,3
757,1,29,20,1,2
21,0,18,10,0,2
595,0,21,12,1,2
98,0,21,12,1,6
357,0,24,17,1,4
313,1,29,13,0,2
43,1,32,14,1,2
119,0,23,13,0,4
14,0,20,12,0,3
350,0,24,12,0,3
133,1,22,12,0,3
469,0,21,13,1,6
140,0,21,12,0,3
26,1,28,12,0,3
119,0,26,16,1,3
147,0,19,9,1,5
7,0,24,13,1,5
833,0,21,14,1,3
7,0,26,13,1,6
42,0,23,13,1,4
371,0,32,12,0,1
259,0,23,12,0,3
115,1,26,13,1,6
597,1,22,12,0,5
287,0,20,10,0,4
98,0,21,7,0,5
168,0,18,12,1,3
175,0,19,12,1,5
49,0,19,12,1,3
47,1,24,11,0,3
546,1,24,14,1,3
42,0,24,12,0,3
280,0,22,12,0,2
1344,0,26,13,1,3
142,1,23,12,0,2
311,1,21,12,1,5
35,0,18,8,0,3
7,0,19,11,0,3
21,0,19,12,0,3
126,0,22,12,1,6
56,0,28,14,0,3
121,1,22,11,1,2
493,1,23,9,1,6
21,0,17,8,1,2
155,1,24,12,1,6
119,0,19,12,1,3
938,0,20,12,0,2
623,1,21,12,1,3
1020,1,21,12,0,4
182,0,24,12,0,2
1183,0,28,20,0,3
224,0,19,10,1,3
708,1,24,15,0,5
128,1,23,12,1,3
39,1,23,12,1,4
183,1,23,12,0,3
91,0,21,12,1,6
198,1,29,12,1,2
422,1,34,16,1,2
25,1,21,11,1,6
371,0,21,12,0,2
41,1,29,14,0,2
708,1,19,10,0,5
336,0,29,16,1,4
413,0,30,20,1,1
189,0,26,15,1,4
6,1,27,12,0,3
35,0,22,12,1,4
644,0,20,12,0,4
420,0,22,13,0,3
1092,0,20,13,0,3
7,0,18,8,1,4
203,0,19,11,0,3
574,0,22,11,1,3
35,0,20,12,0,2
91,0,24,16,1,3
161,0,28,12,0,2
252,0,27,12,1,3
28,0,33,14,0,3
609,0,22,14,0,2
710,1,23,14,1,3
252,0,24,16,0,3
49,0,19,8,0,2
273,0,20,12,1,2
259,0,19,12,0,5
1241,1,20,12,1,3
63,0,20,12,0,3
7,0,28,16,1,2
490,0,20,10,1,3
273,0,32,19,1,2
175,0,22,12,1,5
413,0,21,12,1,5
133,0,24,16,1,1
70,0,20,10,0,2
280,1,20,12,0,6
546,0,20,12,0,3
1083,1,25,16,0,3
77,0,21,12,1,2
952,0,18,10,1,3
70,0,23,16,1,2
159,1,24,12,1,6
140,1,21,12,1,4
191,1,26,12,0,2
84,0,19,11,1,4
77,0,16,8,1,3
7,0,21,12,0,4
168,0,32,12,1,4
119,0,27,16,1,2
952,1,24,16,0,3
73,1,24,13,1,3
1026,1,20,12,1,2
379,1,26,16,1,2
315,0,31,14,0,4
413,0,20,12,0,5
133,0,24,12,0,2
196,0,23,11,0,3
126,0,20,12,0,4
90,1,25,13,0,3
27,1,28,14,1,3
322,0,25,12,1,5
112,0,19,10,0,4
112,0,22,12,0,2
658,0,26,12,0,2
70,0,22,12,1,3
35,0,21,12,1,4
1447,1,23,16,1,3
378,0,23,16,0,4
521,1,25,12,0,5
315,0,27,10,1,3
376,1,22,12,1,6
371,0,27,16,1,3
1449,1,23,15,0,4
238,0,20,11,0,5
7,0,28,14,1,4
42,0,20,11,1,3
56,0,19,12,0,2
196,0,18,12,1,4
140,0,21,11,1,3
1029,0,20,12,1,4
35,0,22,12,0,5
70,0,21,12,1,3
42,0,19,12,1,6
56,0,21,11,1,3
630,1,26,16,0,3
56,1,22,12,1,4
217,0,19,11,0,2
72,1,25,12,0,3
24,1,23,12,1,5
418,1,25,15,1,4
759,1,21,12,0,3
238,0,20,12,0,2
252,0,21,12,0,2
1029,1,19,12,1,4
35,0,26,12,0,4
217,0,22,12,1,2
28,0,20,12,0,5
7,0,19,11,0,6
546,1,21,11,1,3
84,0,20,12,1,3
56,0,19,12,0,4
21,0,24,12,0,3
231,0,24,12,0,5
1001,0,22,14,0,3
105,0,22,12,0,3
49,0,19,11,1,2
801,1,20,12,1,2
217,0,23,12,0,2
56,0,18,10,1,4
517,1,22,12,0,3
49,0,28,13,1,2
42,0,31,15,1,3
14,0,22,11,0,6
21,0,22,12,0,5
336,0,20,12,1,6
834,1,18,9,0,4
364,0,21,12,1,4
192,1,23,12,1,2
226,1,27,16,0,3
217,0,21,12,0,4
168,0,19,12,1,3
351,1,26,16,1,1
1447,1,20,13,1,4
22,1,32,13,0,3
213,1,22,12,1,3
639,1,21,12,1,3
259,0,20,12,1,4
252,0,20,12,1,4
252,0,25,13,0,4
42,0,20,12,1,3
613,1,27,15,0,2
552,1,20,10,0,4
35,1,23,12,1,2
358,1,33,20,1,2
161,0,23,16,1,3
287,0,24,16,1,2
525,0,21,12,0,4
490,1,23,12,1,3
308,0,22,12,0,5
27,1,26,12,1,2
84,0,25,15,0,3
126,0,22,12,0,4
763,1,25,13,1,2
15,1,24,12,0,3
736,1,21,12,0,4
901,1,23,13,0,3
14,0,25,16,1,3
802,1,26,16,1,3
14,0,21,12,1,3
663,1,29,14,0,2
98,0,28,12,0,2
70,0,21,14,1,3
91,0,20,12,1,6
49,0,17,9,1,2
84,0,20,11,0,5
140,0,24,12,1,6
5,1,25,14,0,3
42,0,21,12,1,5
42,0,25,12,0,2
350,0,20,11,1,4
217,0,21,13,1,4
21,0,18,7,0,2
822,1,20,12,0,2
21,0,22,12,0,5
824,1,20,12,1,3
42,0,22,9,0,4
89,1,24,12,1,3
98,0,19,12,0,6
574,0,33,14,0,3
161,0,23,12,1,3
28,0,20,9,0,6
274,1,22,12,1,6
595,0,19,12,0,4
14,0,22,14,0,3
1178,1,25,13,1,3
126,0,23,13,1,3
1275,1,29,18,1,2
105,0,27,15,1,4
133,0,19,8,0,3
28,0,17,10,0,2
9,1,25,10,0,3
133,0,26,12,0,2
602,0,21,12,0,4
315,0,19,12,1,4
380,1,22,12,1,5
140,0,26,12,1,3
455,0,17,8,0,3
96,1,23,11,1,2
217,1,23,12,1,3
407,1,24,16,1,3
140,0,23,12,0,2
350,0,26,15,1,5
6,1,30,16,1,2
84,0,27,14,0,2
343,0,19,12,0,3
192,1,23,12,1,4
28,0,22,12,0,6
238,0,24,13,1,3
168,0,19,12,0,3
1267,0,23,14,1,3
1078,0,24,15,1,2
112,0,22,12,1,2
215,1,27,15,1,3
35,0,20,12,1,3
196,0,19,11,1,2
42,0,18,9,1,2
427,0,19,12,0,4
483,0,30,17,1,3
98,0,21,13,0,2
266,0,24,12,0,4
196,0,20,12,1,4
693,0,19,12,1,3
256,1,26,15,1,3
427,0,19,12,0,3
21,0,22,12,1,6
7,0,22,12,1,5
49,0,22,12,0,3
647,1,19,9,0,4
35,0,23,15,1,5
126,0,20,12,0,4
147,0,20,12,0,3
98,0,19,7,1,4
63,0,19,12,0,4
266,0,22,12,1,3
448,0,21,11,1,6
344,1,27,14,0,4
91,0,19,12,1,3
423,1,26,14,1,6
119,0,21,12,1,4
35,0,19,12,0,3
1071,1,22,12,1,4
315,1,24,12,1,3
181,1,28,13,1,2
1189,1,18,10,0,2
549,1,20,10,1,3
56,0,22,12,1,6
77,0,18,12,1,5
14,0,21,12,1,3
651,0,20,12,1,3
343,0,21,12,0,3
7,0,19,12,0,6
21,0,24,14,1,4
875,0,23,14,0,2
248,1,22,12,1,3
63,0,22,12,0,3
28,0,20,10,1,3
21,0,29,13,1,3
42,0,22,12,0,6
273,0,20,12,1,3
364,0,23,13,0,3
196,0,19,10,0,2
98,0,24,9,0,3
42,0,31,17,0,2
35,0,22,11,1,3
67,1,22,12,1,3
56,0,18,8,1,3
35,0,20,12,1,3
140,0,19,11,1,3
308,0,21,12,1,4
145,1,26,13,1,3
197,1,26,16,1,2
63,0,21,10,1,4
28,0,27,18,0,2
609,0,19,8,1,4
336,0,27,12,1,2
98,0,19,8,0,2
1391,1,21,14,1,2
709,1,20,12,0,6
203,0,20,10,1,3
14,0,23,12,1,5
56,0,18,10,0,4
539,0,23,13,0,5
1003,1,19,12,1,3
1010,1,21,12,0,4
505,1,22,13,1,3
9,1,25,12,0,3
7,0,19,12,1,2
14,0,28,12,0,2
416,1,21,9,0,3
385,0,23,11,0,4
21,0,22,12,1,3
357,0,20,12,0,4
196,0,21,10,0,3
42,0,24,12,0,4
182,0,24,15,0,2
14,0,24,13,1,2
294,0,18,11,1,3
17,1,22,12,0,5
70,0,22,13,1,5
63,0,22,12,0,2
73,1,29,16,1,2
207,1,22,12,1,5
161,1,21,12,0,4
49,0,22,12,1,6
71,1,22,12,1,2
56,0,25,12,0,2
119,0,29,11,0,2
288,1,22,11,0,3
1122,1,20,12,1,3
231,0,20,12,1,2
1078,0,21,14,1,3
126,0,28,12,0,3
35,0,18,9,1,2
1400,1,28,20,0,4
189,0,24,12,0,2
532,0,24,12,0,3
336,0,19,11,0,4
210,0,20,8,0,2
196,1,26,16,1,4
126,0,21,12,1,2
522,1,24,15,1,5
49,0,21,12,1,3
110,1,22,12,1,3
371,0,31,19,1,3
602,0,18,12,0,3
84,0,22,12,1,3
357,0,22,12,0,2
1032,1,21,12,0,3
35,0,20,12,1,6
91,0,21,12,1,5
49,0,27,8,1,2
266,0,19,12,1,4
189,0,20,12,1,3
91,1,22,12,1,4
56,0,22,12,0,4
91,0,20,12,0,2
28,0,31,14,0,2
105,0,22,16,0,4
70,0,25,12,0,3
224,0,20,12,0,3
70,0,17,8,0,2
1181,1,19,9,0,3
112,0,19,12,0,2
182,0,20,10,0,2
662,1,22,12,0,3
1048,1,26,14,1,3
413,0,30,18,1,2
266,0,28,12,1,3
504,0,25,14,1,3
6,1,26,12,0,4
84,0,19,10,0,4
161,0,19,12,0,6
91,0,23,13,0,5
546,0,21,12,0,3
83,1,20,10,0,3
369,1,24,13,0,5
147,0,24,14,0,6
357,0,21,12,1,4
116,1,23,12,1,3
77,0,19,10,0,4
77,0,19,9,0,3
597,1,21,12,1,4
588,1,23,11,0,4
274,1,27,16,1,3
301,0,30,18,1,2
98,0,20,12,1,6
147,0,20,12,0,4
147,0,27,12,0,2
109,1,22,12,1,5
84,0,19,9,1,4
6,1,21,10,0,3
1428,1,23,14,1,4
77,0,19,12,1,4
469,0,22,12,1,3
238,0,21,12,0,5
1351,1,23,14,0,3
133,0,21,12,1,3
49,0,20,13,1,4
1244,1,19,12,0,3
126,0,19,11,1,2
532,0,19,11,1,2
795,1,26,16,0,4
700,0,23,13,0,4
140,0,20,12,1,2
35,0,31,14,1,3
42,0,20,12,1,3
21,0,21,10,1,3
1341,1,25,14,0,4
122,1,20,10,0,3
84,0,19,12,0,2
469,0,17,9,0,5
33,1,20,9,1,4
294,0,24,6,0,3
525,0,26,15,1,4
98,0,21,12,0,4
98,0,23,12,1,4
91,0,22,11,1,5
1157,1,21,12,0,3
189,0,24,13,0,3
28,0,26,16,1,3
49,0,21,12,0,3
245,0,24,12,0,6
14,0,31,20,0,3
182,0,23,12,1,5
140,0,19,8,1,4
301,0,24,14,0,6
224,0,22,11,0,3
98,0,24,12,1,6
350,0,18,9,1,3
322,0,20,12,1,3
709,1,24,14,0,3
161,0,19,10,1,3
1256,1,23,12,1,3
226,1,23,12,1,6
63,0,20,12,0,3
294,0,23,14,0,2
28,0,20,12,0,2
847,0,26,18,1,3
1272,1,20,12,0,3
420,0,26,12,0,2
322,0,20,10,1,2
406,0,19,12,1,3
154,0,22,11,0,4
665,1,22,12,0,3
77,0,20,12,0,2
49,0,19,12,1,4
294,0,25,13,1,4
807,1,31,15,0,2
42,0,21,12,1,3
42,0,20,11,0,4
812,0,34,12,0,1
57,1,24,12,0,2
336,0,24,16,1,3
182,0,24,16,1,3
672,0,18,8,0,3
819,0,27,17,1,2
406,0,23,12,0,5
245,0,22,15,1,2
686,1,21,13,0,4
14,0,32,15,1,3
86,1,33,14,1,2
590,1,21,12,0,3
1360,1,19,12,0,3
77,0,21,12,1,4
224,0,26,14,1,2
156,1,18,8,1,3
70,0,21,12,0,3
1528,1,22,14,1,3
147,0,19,12,1,4
714,0,21,13,1,2
357,0,18,11,1,2
336,0,21,12,1,5
126,0,19,10,0,3
441,0,21,12,1,4
392,0,21,12,0,2
87,1,22,10,1,4
91,0,18,9,1,4
1357,1,25,11,0,3
343,0,19,9,1,4
84,1,22,9,0,5
28,0,20,11,0,4
21,0,21,12,1,6
518,0,23,16,0,2
14,0,22,11,1,3
489,1,21,12,1,4
21,0,20,12,1,3
56,0,17,7,1,4
14,0,17,12,1,2
15,1,29,10,1,4
70,0,25,14,0,3
63,0,20,12,1,5
392,0,22,13,0,3
273,0,20,12,0,2
98,0,21,12,1,3
280,0,22,12,1,3
742,0,19,12,0,4
44,1,22,12,1,2
77,0,19,12,0,3
1075,1,21,12,1,6
294,0,26,16,1,5
189,0,18,10,1,5
1296,1,19,12,1,4
322,0,19,12,1,5
49,0,18,10,0,4
308,1,30,16,1,2
357,0,21,13,1,3
371,0,25,12,0,2
15,1,22,11,0,4
301,0,26,17,1,2
422,1,25,12,1,2
147,0,20,12,0,3
42,0,21,11,0,4
161,0,21,12,0,6
126,0,21,12,1,6
14,0,28,13,1,2
392,0,19,12,1,5
679,0,19,11,1,2
7,0,22,12,0,3
112,0,27,13,0,2
97,1,23,12,0,4
50,1,26,16,1,3
974,1,23,14,1,6
98,0,22,12,1,4
707,0,24,13,1,2
616,0,27,12,1,4
215,1,30,13,1,3
91,0,20,12,0,3
348,1,32,17,0,2
161,0,20,11,0,2
371,0,20,10,0,2
392,1,22,12,1,6
371,0,19,12,1,4
273,0,23,12,1,3
56,0,18,8,1,3
330,1,27,12,1,3
10,1,27,16,1,2
1107,1,25,12,0,2
140,0,29,14,1,3
214,1,29,19,1,4
42,0,18,7,1,4
252,0,22,12,1,5
56,0,21,10,0,4
175,0,20,12,1,3
1194,1,25,13,0,4
84,0,20,11,1,5
581,0,27,13,1,3
42,0,24,16,1,3
91,0,17,7,1,3
14,0,23,11,1,3
889,0,23,14,1,6
28,0,20,12,1,5
757,1,26,14,0,2
560,0,19,11,0,5
56,0,21,12,0,3
7,0,25,13,1,5
1097,1,25,14,1,3
287,0,27,12,0,4
14,0,20,12,1,2
833,0,20,12,1,5
35,0,26,12,1,2
35,0,19,12,1,2
203,0,22,12,0,2
49,0,24,12,0,3
437,1,26,16,1,2
1220,1,20,12,1,3
463,1,23,12,0,3
394,1,28,18,0,2
1111,1,27,13,0,2
42,0,20,12,1,4
372,1,26,16,1,2
788,1,23,13,1,3
21,0,19,12,0,3
133,0,22,12,1,3
161,0,21,12,1,4
84,0,23,13,1,2
217,0,21,12,1,5
497,0,32,15,1,2
105,0,30,14,1,2
14,0,24,12,0,3
618,1,24,14,1,5
21,0,19,9,0,2
70,0,28,13,0,4
84,0,22,12,0,3
986,1,21,13,1,4
497,0,31,18,0,2
7,0,21,12,0,5
336,0,20,12,0,4
224,0,21,12,0,4
161,0,23,12,1,3
982,1,20,11,1,3
56,0,20,12,1,3
231,0,20,11,1,3
28,0,31,14,0,4
7,0,27,13,1,2
7,0,19,12,0,3
126,0,18,11,0,3
462,0,19,11,0,2
161,0,21,9,1,3
231,0,23,12,0,5
128,1,23,12,0,3
744,1,26,16,1,2
1078,0,19,9,0,5
36,1,24,12,0,4
112,0,23,12,1,2
231,0,24,13,0,5
63,0,20,12,1,5
696,1,25,16,1,4
126,0,21,12,0,3
14,0,19,12,1,4
14,0,20,10,0,3
91,0,18,11,1,3
49,0,22,14,1,3
140,1,22,12,1,5
671,1,22,13,1,4
42,0,20,10,0,3
35,0,23,11,0,3
266,0,17,8,0,3
210,0,18,9,0,2
554,1,21,12,0,5
35,0,22,11,0,6
140,0,21,12,0,3
231,0,20,12,1,5
49,0,18,9,0,2
63,0,25,12,1,2
70,0,21,12,1,3
477,1,26,12,0,2
231,0,19,12,0,4
140,0,21,12,1,4
77,0,21,11,1,3
35,0,22,15,0,2
139,1,26,12,1,5
140,0,21,11,1,4
7,0,22,10,1,3
11,1,24,12,0,4
140,0,21,12,1,5
1207,1,19,12,1,3
112,0,18,8,1,5
42,0,20,12,1,4
105,1,22,12,1,3
105,0,23,8,1,3
35,0,22,11,1,3
105,0,21,12,0,3
492,1,27,16,1,3
63,0,23,11,1,2
427,0,18,11,1,2
695,1,21,12,1,6
301,0,21,12,1,3
126,0,26,12,0,4
273,0,21,12,1,2
196,0,18,8,0,2
119,0,24,11,1,4
617,1,23,12,0,4
1321,1,23,14,0,3
210,0,22,10,0,3
147,0,20,12,0,4
343,1,24,11,1,4
126,0,23,13,1,4
609,0,20,11,1,3
4,1,27,16,1,3
266,0,20,12,1,3
778,1,21,13,1,6
1372,0,26,19,1,2
707,0,29,14,1,2
14,0,23,13,0,6
56,1,21,12,1,3
77,0,18,10,0,2
49,0,32,11,0,3
294,0,22,11,0,3
469,0,30,20,1,3
647,1,21,12,1,4
1460,1,19,12,1,3
746,1,24,16,1,3
378,1,22,12,0,6
35,0,24,12,1,5
84,0,19,12,1,6
189,0,28,10,1,3
247,1,22,12,1,3
56,0,21,12,0,3
326,1,27,16,1,2
259,0,22,12,1,4
259,0,21,12,0,2
343,0,20,13,0,4
147,0,25,17,0,2
126,0,21,11,0,6
1543,1,21,12,1,4
35,0,30,14,1,3
77,0,21,11,1,4
7,0,23,13,0,4
623,0,21,12,1,4
1078,0,31,16,1,2
964,1,22,12,0,6
147,0,19,9,1,2
112,0,27,15,0,2
35,0,18,10,1,4
7,0,25,14,0,3
14,0,17,11,0,3
446,1,25,14,0,5
182,0,19,12,0,3
21,0,21,12,0,3
287,0,26,16,1,3
190,1,23,12,0,3
266,0,25,14,0,1
105,0,19,10,1,3
31,1,23,12,1,3
1162,0,19,12,1,2
8,1,31,20,1,2
35,0,22,9,1,4
203,0,19,11,0,3
154,0,25,14,1,3
14,0,21,11,0,4
14,0,19,9,1,4
224,0,21,12,0,3
210,0,21,11,0,3
14,0,22,14,1,6
98,0,19,11,0,6
987,1,17,10,0,3
42,0,21,10,0,4
235,1,27,12,0,3
14,0,19,8,0,3
1185,1,21,12,1,3
90,1,27,12,0,2
140,0,19,11,0,4
28,0,22,11,1,3
272,1,22,12,1,3
347,1,25,13,0,3
385,0,24,15,1,4
154,0,21,12,0,3
87,1,24,12,1,2
84,0,23,12,0,4
147,0,19,12,0,3
519,1,30,16,1,2
56,0,21,12,0,5
861,0,22,14,1,3
826,0,19,12,1,3
21,0,22,12,0,3
1153,1,19,12,0,3
483,0,23,16,1,2
846,1,19,10,0,2
91,0,21,12,0,3
7,0,23,12,0,6
1009,1,19,11,1,2
35,0,19,10,0,2
147,0,26,16,1,3
21,0,23,12,1,5
42,0,24,15,0,5
189,0,21,11,0,3
140,0,19,11,0,5
119,0,21,12,0,3
84,0,18,11,0,3
154,0,23,13,1,3
122,1,24,12,1,5
33,1,26,11,0,2
344,1,23,13,0,3
504,0,18,12,0,5
28,0,19,8,0,3
399,1,27,16,1,1
1349,1,18,12,0,3
7,0,22,12,0,3
1426,1,23,13,0,6
224,0,21,12,1,6
210,0,31,16,1,1
709,1,32,16,1,1
42,0,20,10,0,3
1050,0,28,16,0,4
133,0,23,13,0,6
742,0,20,11,0,2
196,0,22,12,0,3
84,0,26,13,1,3
63,0,21,13,1,6
98,0,21,12,1,6
1379,0,23,16,1,4
182,0,26,14,0,4
394,1,22,12,0,3
128,1,30,12,0,2
455,0,18,9,0,4
266,0,20,12,0,4
84,0,20,11,0,5
56,0,21,13,1,6
350,0,22,16,0,3
91,0,18,10,0,2
161,0,23,13,0,5
672,0,23,14,0,2
63,0,20,12,0,5
973,0,22,13,0,3
105,0,21,12,1,3
70,0,20,12,1,2
386,1,26,11,1,5
77,0,22,12,0,3
119,0,23,14,0,5
316,1,21,11,0,4
378,0,19,12,1,5
49,0,21,12,0,2
7,0,18,11,0,3
70,0,20,9,1,6
175,0,19,12,1,3
350,0,25,11,1,6
273,0,24,12,0,4
14,0,20,12,1,2
532,0,21,12,1,6
126,0,21,10,0,3
63,0,20,11,0,6
35,0,25,16,1,3
35,0,24,11,0,5
224,0,17,8,1,3
392,0,19,10,0,4
245,0,25,13,0,4
273,0,27,12,1,3
231,0,22,13,0,3
238,0,25,12,0,4
189,0,22,12,0,6
364,0,21,12,1,3
322,0,20,12,1,4
490,0,21,13,0,3
21,0,23,16,1,3
42,0,31,14,1,3
7,0,19,10,0,2
35,0,19,12,1,5
112,0,19,10,0,3
182,0,17,9,1,2
179,1,22,11,1,3
42,0,20,13,0,4
8,1,21,12,0,3
504,0,25,16,1,3
380,1,23,12,1,3
21,0,25,14,0,3
98,0,21,12,0,3
175,0,20,12,0,3
105,0,19,10,1,3
56,0,28,13,0,2
1078,1,24,12,0,2